path,words,F01,F02,F03,F04,F05,F06,F07,F08,F09,F10,F11,F12,F13,F14,F15
data/common_crawl-religion-0019/shard_00000440.jsonl.zst,1002284,11,0,3,12,0,0,3,0,18,12,0,0,46,12,3
data/common_crawl-history_and_geography-0017/shard_00000356.jsonl.zst,1000018,0,0,0,0,0,0,1,0,0,27,0,0,6,7,0
data/common_crawl-history_and_geography-0019/shard_00000206.jsonl.zst,1000725,0,0,0,0,0,0,7,0,0,7,0,0,14,21,0
data/common_crawl-food_and_dining-0019/shard_00000301.jsonl.zst,1001901,0,0,18,3,0,9,13,4,19,12,0,0,50,28,0
data/common_crawl-games-0016/shard_00000255.jsonl.zst,1000098,3,0,6,4,2,0,3,1,14,16,0,0,38,20,0
data/common_crawl-home_and_hobbies-0017/shard_00000093.jsonl.zst,1005393,3,0,8,3,1,0,10,0,4,10,1,0,38,21,0
data/common_crawl-software-0016/shard_00000063.jsonl.zst,1000333,0,0,14,3,1,0,7,0,11,7,1,0,57,10,1
data/common_crawl-science_math_and_technology-0016/shard_00000873.jsonl.zst,1000114,0,0,6,9,0,0,16,0,0,6,0,0,12,10,0
data/common_crawl-health-0017/shard_00001103.jsonl.zst,1000152,2,0,8,0,0,0,3,0,4,13,0,0,32,26,0
data/common_crawl-crime_and_law-0018/shard_00000037.jsonl.zst,1000371,0,0,1,1,1,0,6,0,3,12,0,0,27,5,0
data/common_crawl-history_and_geography-0018/shard_00000223.jsonl.zst,1008811,2,0,3,2,0,2,2,2,0,7,0,0,13,2,0
data/common_crawl-software_development-0014/shard_00000282.jsonl.zst,1000161,0,0,12,14,0,0,0,0,3,20,0,0,23,23,0
data/common_crawl-science_math_and_technology-0017/shard_00000610.jsonl.zst,1010090,0,0,0,0,0,0,0,0,0,13,0,0,9,4,0
data/common_crawl-software-0018/shard_00000160.jsonl.zst,1000138,0,0,21,5,0,0,8,0,9,20,0,0,26,4,0
data/common_crawl-literature-0019/shard_00000192.jsonl.zst,1004313,0,0,7,7,0,0,0,0,0,40,0,0,7,27,0
data/common_crawl-art_and_design-0017/shard_00000148.jsonl.zst,1001353,1,0,14,7,2,0,10,1,6,11,0,0,36,10,0
data/common_crawl-religion-0019/shard_00000165.jsonl.zst,1000785,0,0,14,0,0,0,4,12,0,24,0,0,145,9,0
data/common_crawl-transportation-0018/shard_00000326.jsonl.zst,1000093,0,0,8,2,0,0,16,0,14,7,0,0,32,14,1
data/common_crawl-software-0019/shard_00000368.jsonl.zst,1000680,7,0,7,0,0,0,7,7,35,21,0,0,35,7,7
data/common_crawl-science_math_and_technology-0013/shard_00000438.jsonl.zst,1008753,0,0,3,2,1,4,2,3,3,12,0,0,11,24,0
data/common_crawl-health-0018/shard_00001160.jsonl.zst,1001696,0,0,11,2,0,0,8,3,8,6,0,0,12,22,3
data/common_crawl-science_math_and_technology-0013/shard_00000163.jsonl.zst,1000532,1,1,2,1,0,0,2,0,1,4,0,0,33,16,0
data/common_crawl-software_development-0017/shard_00000158.jsonl.zst,1000264,0,0,28,0,0,0,0,0,6,20,0,0,38,39,0
data/common_crawl-software-0013/shard_00000123.jsonl.zst,1000025,0,0,11,3,1,0,6,0,3,9,0,0,23,13,0
data/common_crawl-education_and_jobs-0018/shard_00000261.jsonl.zst,1000810,1,0,5,2,0,0,4,1,6,15,0,0,35,13,0
data/common_crawl-entertainment-0018/shard_00000229.jsonl.zst,1001565,0,0,0,12,3,0,11,6,2,19,0,0,72,107,0
data/common_crawl-politics-0018/shard_00000182.jsonl.zst,1001898,0,0,7,9,0,2,12,5,5,25,0,0,42,22,2
data/common_crawl-food_and_dining-0019/shard_00000404.jsonl.zst,1003692,3,0,3,6,3,0,15,12,25,12,0,0,27,21,0
data/common_crawl-games-0019/shard_00000296.jsonl.zst,1000776,0,0,14,0,0,0,0,0,0,28,0,0,14,21,0
data/common_crawl-games-0016/shard_00000519.jsonl.zst,1000350,0,0,13,3,0,0,11,0,14,12,0,0,27,20,2
data/common_crawl-software_development-0015/shard_00000083.jsonl.zst,1000859,0,0,4,6,0,0,0,0,14,15,0,0,44,48,0
data/common_crawl-home_and_hobbies-0019/shard_00000602.jsonl.zst,1000125,2,1,11,3,0,0,11,7,27,14,2,0,22,12,0
data/common_crawl-crime_and_law-0018/shard_00000388.jsonl.zst,1000417,0,0,5,0,0,0,4,2,2,11,0,0,24,5,0
data/common_crawl-education_and_jobs-0019/shard_00000338.jsonl.zst,1001012,0,0,0,0,0,0,21,6,38,0,0,0,48,0,0
data/common_crawl-electronics_and_hardware-0016/shard_00000015.jsonl.zst,1000371,0,0,17,6,1,0,9,3,3,7,2,0,42,20,0
data/common_crawl-science_math_and_technology-0019/shard_00000323.jsonl.zst,1000909,0,0,0,0,0,0,35,7,0,0,0,0,84,28,0
data/common_crawl-games-0018/shard_00000164.jsonl.zst,1001265,0,0,3,25,0,0,18,0,3,29,0,0,45,34,0
data/common_crawl-software_development-0015/shard_00000091.jsonl.zst,1000256,0,0,8,4,0,0,0,0,0,7,0,0,45,18,0
data/common_crawl-social_life-0019/shard_00000412.jsonl.zst,1000214,3,0,10,11,0,2,22,2,11,14,1,0,82,36,0
data/common_crawl-social_life-0018/shard_00000105.jsonl.zst,1000787,2,0,10,18,0,0,9,2,11,15,2,0,104,34,1
data/common_crawl-crime_and_law-0019/shard_00000364.jsonl.zst,1000000,0,6,14,0,0,0,6,6,25,6,0,0,31,12,0
data/common_crawl-entertainment-0018/shard_00000613.jsonl.zst,1000167,3,2,9,7,2,1,15,2,9,22,3,0,100,39,0
data/common_crawl-finance_and_business-0019/shard_00000108.jsonl.zst,1000885,0,0,19,3,0,0,23,8,36,7,0,0,21,6,0
data/common_crawl-health-0018/shard_00000932.jsonl.zst,1010276,0,0,0,5,0,0,2,0,14,18,0,0,32,15,0
data/common_crawl-science_math_and_technology-0018/shard_00000017.jsonl.zst,1005782,0,0,0,0,0,0,7,6,0,18,0,0,21,19,0
data/common_crawl-crime_and_law-0019/shard_00000154.jsonl.zst,1000142,0,0,21,0,0,0,7,0,0,42,0,0,21,14,0
data/common_crawl-entertainment-0018/shard_00001099.jsonl.zst,1001333,4,1,12,8,2,1,14,1,11,18,1,0,66,66,0
data/common_crawl-science_math_and_technology-0016/shard_00000815.jsonl.zst,1002015,0,0,3,0,0,0,0,0,0,12,0,0,22,22,3
data/common_crawl-software_development-0016/shard_00000262.jsonl.zst,1000478,8,0,7,0,0,0,5,5,0,11,0,0,46,19,0
data/common_crawl-literature-0017/shard_00000703.jsonl.zst,1014139,0,0,3,9,0,1,0,1,3,20,0,0,48,20,0
data/common_crawl-finance_and_business-0019/shard_00000710.jsonl.zst,1000033,2,0,17,0,0,0,31,9,27,5,0,0,22,6,0
data/common_crawl-religion-0018/shard_00000563.jsonl.zst,1000347,6,0,1,4,0,2,0,6,6,28,0,1,16,9,0
data/common_crawl-science_math_and_technology-0016/shard_00000540.jsonl.zst,1000064,0,0,3,0,0,0,4,3,0,28,0,0,15,26,0
data/common_crawl-software_development-0018/shard_00000137.jsonl.zst,1002553,0,0,7,0,7,0,0,0,7,28,0,0,28,21,0
data/common_crawl-games-0017/shard_00000226.jsonl.zst,1000393,2,0,4,4,1,0,8,0,7,11,0,0,44,18,3
data/common_crawl-electronics_and_hardware-0019/shard_00000200.jsonl.zst,1000470,0,0,0,14,0,0,0,0,0,14,0,0,14,7,0
data/common_crawl-politics-0019/shard_00000054.jsonl.zst,1000525,2,2,22,8,0,0,10,0,8,16,0,0,67,20,5
data/common_crawl-literature-0019/shard_00000639.jsonl.zst,1002003,0,0,13,0,0,0,0,0,0,21,0,0,52,20,0
data/common_crawl-sports_and_fitness-0019/shard_00000361.jsonl.zst,1000358,3,0,9,3,0,0,38,4,18,14,0,0,75,17,0
data/common_crawl-finance_and_business-0019/shard_00000573.jsonl.zst,1002953,3,0,6,0,7,0,48,21,23,8,0,0,23,4,4
data/common_crawl-electronics_and_hardware-0017/shard_00000337.jsonl.zst,1000993,4,1,15,5,0,0,11,1,8,17,0,0,48,28,4
data/common_crawl-religion-0017/shard_00000195.jsonl.zst,1000608,0,0,0,4,0,0,6,1,6,37,0,0,42,17,0
data/common_crawl-transportation-0019/shard_00000121.jsonl.zst,1000678,0,0,21,5,0,0,23,4,22,15,0,0,24,4,0
data/common_crawl-software_development-0014/shard_00000166.jsonl.zst,1004721,0,0,5,3,0,3,9,0,0,11,0,0,32,28,0
data/common_crawl-finance_and_business-0019/shard_00001214.jsonl.zst,1000402,0,0,11,4,0,0,7,5,17,4,0,0,31,7,0
data/common_crawl-games-0018/shard_00000494.jsonl.zst,1003954,0,0,3,6,0,0,0,6,6,20,6,0,19,12,0
data/common_crawl-home_and_hobbies-0019/shard_00000948.jsonl.zst,1000200,0,0,7,2,0,0,20,9,25,10,0,0,21,11,0
data/common_crawl-food_and_dining-0017/shard_00000255.jsonl.zst,1000548,0,2,10,5,0,2,10,0,2,34,0,1,35,27,0
data/common_crawl-electronics_and_hardware-0018/shard_00000094.jsonl.zst,1001857,0,0,7,5,0,0,9,4,14,15,0,0,37,16,0
data/common_crawl-finance_and_business-0018/shard_00000672.jsonl.zst,1000535,0,0,14,2,0,0,12,2,9,11,0,0,26,22,0
data/common_crawl-finance_and_business-0019/shard_00000035.jsonl.zst,1001023,3,0,19,0,0,0,38,3,34,7,0,0,21,6,0
data/common_crawl-art_and_design-0019/shard_00000085.jsonl.zst,1000820,0,0,22,0,0,0,40,15,16,15,0,0,117,29,0
data/common_crawl-home_and_hobbies-0018/shard_00000429.jsonl.zst,1001821,0,0,18,5,1,0,9,0,15,13,0,0,22,12,0
data/common_crawl-entertainment-0019/shard_00000252.jsonl.zst,1001435,7,0,20,7,0,0,7,0,0,6,0,0,60,96,0
data/common_crawl-sports_and_fitness-0019/shard_00000150.jsonl.zst,1003038,0,0,10,0,2,1,23,6,26,12,0,0,75,17,0
data/common_crawl-software-0017/shard_00000247.jsonl.zst,1000312,0,2,23,5,0,0,2,3,12,12,0,0,29,26,0
data/common_crawl-social_life-0019/shard_00000385.jsonl.zst,1000212,4,1,10,16,0,2,12,4,13,21,1,0,87,34,0
data/common_crawl-software-0018/shard_00000343.jsonl.zst,1000802,0,0,22,0,0,0,19,6,12,0,0,0,13,23,4
data/common_crawl-crime_and_law-0018/shard_00000320.jsonl.zst,1000638,0,0,4,0,0,2,3,2,1,15,0,0,29,7,1
data/common_crawl-science_math_and_technology-0014/shard_00000392.jsonl.zst,1000191,0,0,4,0,0,0,6,4,8,13,0,0,23,19,0
data/common_crawl-health-0019/shard_00000149.jsonl.zst,1000167,0,0,0,0,0,0,28,7,14,0,0,0,14,35,0
data/common_crawl-sports_and_fitness-0017/shard_00000863.jsonl.zst,1000002,2,2,11,6,0,1,4,4,6,17,0,0,84,10,2
data/common_crawl-software-0018/shard_00000403.jsonl.zst,1000483,0,0,9,4,0,0,4,4,4,8,0,0,47,21,0
data/common_crawl-entertainment-0019/shard_00000610.jsonl.zst,1000416,6,6,20,12,6,0,0,0,13,31,0,0,83,57,0
data/common_crawl-religion-0019/shard_00000357.jsonl.zst,1000213,0,0,0,4,0,0,4,0,10,24,0,0,26,8,0
data/common_crawl-science_math_and_technology-0017/shard_00000288.jsonl.zst,1003795,0,0,4,0,6,0,6,4,12,10,0,0,18,29,0
data/common_crawl-entertainment-0019/shard_00001187.jsonl.zst,1003819,0,0,0,7,0,0,21,0,22,28,0,0,84,42,0
data/common_crawl-science_math_and_technology-0017/shard_00000159.jsonl.zst,1000108,0,0,0,12,0,0,5,0,0,32,0,0,56,16,0
data/common_crawl-crime_and_law-0018/shard_00000112.jsonl.zst,1000828,1,0,12,1,0,1,4,1,5,11,0,0,26,9,0
data/common_crawl-politics-0018/shard_00000054.jsonl.zst,1000250,0,0,2,4,0,0,10,2,1,16,0,0,48,18,3
data/common_crawl-finance_and_business-0018/shard_00000246.jsonl.zst,1000142,3,0,9,6,0,0,15,2,13,4,0,0,72,11,2
data/common_crawl-finance_and_business-0019/shard_00000584.jsonl.zst,1000459,6,0,13,7,0,0,30,14,50,4,0,0,68,11,0
data/common_crawl-software-0018/shard_00000055.jsonl.zst,1000492,0,0,14,3,0,0,17,8,0,10,0,0,26,26,7
data/common_crawl-entertainment-0019/shard_00000021.jsonl.zst,1005817,7,0,7,7,0,0,14,0,0,19,0,0,117,38,0
data/common_crawl-politics-0018/shard_00001040.jsonl.zst,1000345,6,0,10,7,2,3,7,2,1,24,0,0,48,11,0
data/common_crawl-health-0018/shard_00000666.jsonl.zst,1000544,0,0,0,0,0,0,5,6,7,10,0,0,22,15,0
data/common_crawl-politics-0019/shard_00000167.jsonl.zst,1025068,5,0,9,18,2,3,18,4,6,22,0,0,77,23,0
data/common_crawl-games-0017/shard_00000171.jsonl.zst,1000653,1,0,10,3,0,0,8,0,5,15,0,0,52,23,1
data/common_crawl-food_and_dining-0019/shard_00000228.jsonl.zst,1000590,0,0,12,3,0,0,18,0,42,9,0,0,35,35,0
data/common_crawl-literature-0019/shard_00000476.jsonl.zst,1011617,0,0,0,0,0,0,0,0,0,28,0,0,11,4,0
data/common_crawl-finance_and_business-0019/shard_00000957.jsonl.zst,1000452,0,0,3,3,0,0,9,6,15,12,0,0,23,6,0
data/common_crawl-literature-0019/shard_00000200.jsonl.zst,1000494,0,0,0,14,0,0,0,0,0,28,0,0,28,14,0
data/common_crawl-electronics_and_hardware-0017/shard_00000052.jsonl.zst,1001204,1,0,10,3,0,1,5,2,6,27,0,0,43,25,0
data/common_crawl-education_and_jobs-0017/shard_00000743.jsonl.zst,1001431,2,0,12,3,0,0,9,1,13,15,0,0,33,18,1
data/common_crawl-social_life-0018/shard_00000676.jsonl.zst,1001076,2,2,7,18,0,0,10,3,10,21,2,0,94,34,0
data/common_crawl-health-0018/shard_00000664.jsonl.zst,1014516,0,0,14,2,0,0,10,2,4,16,0,0,38,14,0
data/common_crawl-entertainment-0018/shard_00000666.jsonl.zst,1012531,3,0,11,10,0,1,17,2,7,20,0,0,82,47,0
data/common_crawl-industrial-0018/shard_00000175.jsonl.zst,1000015,2,0,6,0,0,0,4,2,2,10,0,0,9,6,0
data/common_crawl-science_math_and_technology-0013/shard_00000368.jsonl.zst,1000044,1,0,10,1,0,0,5,0,5,7,0,0,26,8,0
data/common_crawl-sports_and_fitness-0019/shard_00000015.jsonl.zst,1000542,7,2,21,5,0,0,14,0,25,7,0,0,84,16,7
data/common_crawl-science_math_and_technology-0017/shard_00000560.jsonl.zst,1004874,0,0,0,0,0,0,0,0,0,0,0,0,24,10,0
data/common_crawl-religion-0019/shard_00000385.jsonl.zst,1002822,0,0,12,0,0,0,0,0,10,37,0,0,8,5,0
data/common_crawl-religion-0018/shard_00000304.jsonl.zst,1008075,0,0,5,6,0,1,10,0,1,28,0,0,40,15,1
data/common_crawl-science_math_and_technology-0016/shard_00000244.jsonl.zst,1000143,0,0,0,0,0,0,0,0,3,15,0,0,14,21,4
data/common_crawl-software-0016/shard_00000013.jsonl.zst,1017207,0,0,18,3,1,0,7,0,7,9,0,0,17,16,0
data/common_crawl-education_and_jobs-0017/shard_00000051.jsonl.zst,1000439,1,0,13,3,0,0,8,2,14,10,0,0,17,10,0
data/common_crawl-literature-0016/shard_00000418.jsonl.zst,1021187,1,2,4,10,0,3,7,0,6,30,0,0,41,36,0
data/common_crawl-entertainment-0017/shard_00000609.jsonl.zst,1001167,1,1,8,5,1,3,15,2,8,20,0,0,98,40,0
data/common_crawl-education_and_jobs-0019/shard_00000697.jsonl.zst,1003799,0,0,6,0,0,0,62,13,25,25,0,0,78,6,0
data/common_crawl-sports_and_fitness-0017/shard_00000259.jsonl.zst,1000482,1,0,4,6,0,2,6,2,5,10,0,0,76,11,2
data/common_crawl-home_and_hobbies-0019/shard_00000937.jsonl.zst,1000521,0,0,14,7,0,0,14,7,30,7,0,0,16,13,2
data/common_crawl-entertainment-0019/shard_00000075.jsonl.zst,1001517,0,0,14,14,0,0,7,0,0,14,0,0,56,63,0
data/common_crawl-science_math_and_technology-0012/shard_00000478.jsonl.zst,1003955,0,1,5,3,0,0,10,1,3,7,0,0,21,10,0
data/common_crawl-science_math_and_technology-0018/shard_00000937.jsonl.zst,1000099,0,0,6,0,0,0,7,7,0,0,0,0,14,0,0
data/common_crawl-finance_and_business-0019/shard_00000554.jsonl.zst,1000445,0,0,3,0,0,0,15,13,13,7,0,0,37,10,3
data/common_crawl-health-0018/shard_00000579.jsonl.zst,1001391,0,0,3,0,3,0,14,0,7,25,0,0,37,0,0
data/common_crawl-software_development-0016/shard_00000320.jsonl.zst,1000932,0,0,24,0,0,0,6,0,23,13,0,0,26,9,0
data/common_crawl-history_and_geography-0018/shard_00000335.jsonl.zst,1015773,0,0,0,0,0,0,0,0,0,24,0,0,18,0,0
data/common_crawl-games-0017/shard_00000527.jsonl.zst,1001745,2,1,11,3,1,0,7,0,6,18,0,0,33,39,0
data/common_crawl-education_and_jobs-0018/shard_00000323.jsonl.zst,1001018,2,0,6,9,0,0,9,0,13,12,0,0,28,11,1
data/common_crawl-finance_and_business-0019/shard_00000532.jsonl.zst,1000154,0,0,16,0,0,3,13,7,35,5,0,0,18,2,3
data/common_crawl-politics-0019/shard_00000115.jsonl.zst,1000304,0,1,3,3,0,3,5,3,7,18,1,0,53,20,4
data/common_crawl-travel_and_tourism-0019/shard_00000269.jsonl.zst,1000448,2,0,7,1,0,0,14,0,35,11,0,0,21,18,0
data/common_crawl-entertainment-0018/shard_00000131.jsonl.zst,1000400,1,1,8,2,1,0,8,0,15,18,2,0,94,81,0
data/common_crawl-science_math_and_technology-0017/shard_00000609.jsonl.zst,1000414,0,0,0,4,0,0,7,0,11,4,0,0,26,16,0
data/common_crawl-games-0017/shard_00000279.jsonl.zst,1006143,1,1,4,7,0,0,11,1,9,20,0,0,38,29,1
data/common_crawl-electronics_and_hardware-0017/shard_00000049.jsonl.zst,1000155,1,0,11,3,0,1,9,0,7,14,0,0,36,18,0
data/common_crawl-politics-0018/shard_00000630.jsonl.zst,1002512,7,0,6,4,0,0,16,4,3,18,1,0,66,14,3
data/common_crawl-science_math_and_technology-0013/shard_00000362.jsonl.zst,1000374,0,0,11,2,0,0,4,0,6,19,0,1,18,13,0
data/common_crawl-travel_and_tourism-0019/shard_00000073.jsonl.zst,1005299,0,0,11,3,0,1,28,8,31,9,0,0,24,21,0
data/common_crawl-education_and_jobs-0018/shard_00000531.jsonl.zst,1001553,0,0,6,2,0,0,8,0,4,16,0,0,30,10,0
data/common_crawl-crime_and_law-0019/shard_00000392.jsonl.zst,1005038,0,0,7,0,0,0,6,0,0,15,0,0,69,12,0
data/common_crawl-games-0019/shard_00000449.jsonl.zst,1001882,0,0,7,0,0,0,14,0,0,7,0,0,42,42,0
data/common_crawl-games-0018/shard_00000219.jsonl.zst,1001418,0,3,3,7,0,0,6,6,0,15,0,0,30,29,0
data/common_crawl-health-0019/shard_00000915.jsonl.zst,1002045,7,0,7,0,0,0,0,7,35,28,0,0,42,7,0
data/common_crawl-industrial-0018/shard_00000079.jsonl.zst,1000017,0,0,4,0,0,0,2,1,10,10,0,0,25,2,0
data/common_crawl-entertainment-0019/shard_00000452.jsonl.zst,1001420,7,7,28,0,0,0,0,0,7,14,0,0,105,49,0
data/common_crawl-home_and_hobbies-0019/shard_00000929.jsonl.zst,1001316,3,0,13,1,0,1,22,6,24,11,0,0,24,13,0
data/common_crawl-food_and_dining-0018/shard_00000034.jsonl.zst,1000094,1,1,11,5,0,1,8,1,10,13,0,0,29,33,0
data/common_crawl-finance_and_business-0015/shard_00000217.jsonl.zst,1000134,4,0,15,4,0,0,10,0,14,6,0,0,48,7,0
data/common_crawl-software-0018/shard_00000430.jsonl.zst,1004696,0,0,20,5,0,0,4,0,5,21,0,0,17,13,0
data/common_crawl-history_and_geography-0018/shard_00000301.jsonl.zst,1001190,3,0,3,5,0,0,0,0,0,12,0,0,30,3,0
data/common_crawl-science_math_and_technology-0019/shard_00000580.jsonl.zst,1000279,0,0,0,0,0,0,7,0,7,21,0,0,21,28,0
data/common_crawl-entertainment-0017/shard_00001093.jsonl.zst,1000155,0,0,10,10,3,3,11,2,6,21,1,0,101,54,0
data/common_crawl-industrial-0019/shard_00000013.jsonl.zst,1000487,0,0,7,0,0,0,21,7,21,7,0,0,7,0,7
data/common_crawl-health-0019/shard_00000499.jsonl.zst,1000230,7,0,7,7,0,0,14,7,28,7,0,0,7,28,0
data/common_crawl-science_math_and_technology-0015/shard_00000392.jsonl.zst,1000066,0,0,2,2,0,2,8,0,0,14,0,0,12,14,0
data/common_crawl-science_math_and_technology-0012/shard_00000364.jsonl.zst,1000010,0,0,5,1,0,2,2,3,11,10,0,0,17,14,0
data/common_crawl-entertainment-0018/shard_00000292.jsonl.zst,1000378,2,0,4,0,2,3,20,2,10,10,0,3,83,42,2
data/common_crawl-sports_and_fitness-0019/shard_00000147.jsonl.zst,1000150,2,2,16,8,0,0,11,7,12,23,0,0,69,3,0
data/common_crawl-science_math_and_technology-0019/shard_00000435.jsonl.zst,1001309,7,0,0,0,0,0,28,7,3,14,0,0,28,42,0
data/common_crawl-games-0017/shard_00000394.jsonl.zst,1000214,2,0,9,3,0,0,10,0,6,18,0,0,64,22,0
data/common_crawl-finance_and_business-0018/shard_00000539.jsonl.zst,1001477,2,0,13,1,0,0,12,4,15,10,0,0,60,19,0
data/common_crawl-science_math_and_technology-0015/shard_00000616.jsonl.zst,1000484,0,0,6,1,0,0,11,0,4,8,0,0,24,14,0
data/common_crawl-health-0019/shard_00000568.jsonl.zst,1001598,0,0,0,0,0,0,14,0,0,21,0,0,14,14,7
data/common_crawl-software-0017/shard_00000171.jsonl.zst,1015170,0,0,8,5,0,0,11,1,8,13,0,0,41,11,0
data/common_crawl-software-0016/shard_00000265.jsonl.zst,1001169,0,0,15,3,0,0,8,3,7,18,0,0,19,15,0
data/common_crawl-health-0017/shard_00000625.jsonl.zst,1014524,0,1,10,2,0,0,8,0,5,15,0,0,31,12,0
data/common_crawl-social_life-0019/shard_00000218.jsonl.zst,1000317,4,2,3,10,0,3,18,1,7,30,1,0,97,48,1
data/common_crawl-entertainment-0019/shard_00000290.jsonl.zst,1000822,0,0,13,0,0,0,7,0,43,18,0,0,76,70,6
data/common_crawl-finance_and_business-0018/shard_00001492.jsonl.zst,1000047,2,0,13,2,0,0,13,1,13,16,0,0,50,11,0
data/common_crawl-art_and_design-0019/shard_00000070.jsonl.zst,1003612,0,0,25,35,0,0,26,4,7,42,0,0,205,10,1
data/common_crawl-electronics_and_hardware-0018/shard_00000195.jsonl.zst,1000074,4,4,8,10,0,0,11,0,12,12,0,0,46,27,0
data/common_crawl-finance_and_business-0018/shard_00000356.jsonl.zst,1000491,0,0,14,4,0,1,15,3,12,6,0,0,50,17,0
data/common_crawl-transportation-0018/shard_00000007.jsonl.zst,1000607,2,4,18,3,1,0,3,4,7,16,0,0,39,17,0
data/common_crawl-art_and_design-0018/shard_00000073.jsonl.zst,1000256,0,0,7,5,2,1,8,0,2,16,0,0,45,12,0
data/common_crawl-entertainment-0019/shard_00000258.jsonl.zst,1022813,7,7,7,7,0,0,15,7,6,26,0,0,49,9,3
data/common_crawl-science_math_and_technology-0013/shard_00000211.jsonl.zst,1000314,0,0,6,0,0,0,3,0,2,4,0,0,25,25,0
data/common_crawl-politics-0019/shard_00000553.jsonl.zst,1000250,1,1,13,7,0,0,12,1,1,22,0,0,68,16,2
data/common_crawl-science_math_and_technology-0013/shard_00000214.jsonl.zst,1001542,0,1,6,0,0,0,11,0,5,17,0,1,21,15,0
data/common_crawl-science_math_and_technology-0013/shard_00000375.jsonl.zst,1000067,0,0,1,1,0,0,10,0,3,15,0,0,15,17,1
data/common_crawl-entertainment-0018/shard_00000068.jsonl.zst,1000095,2,0,11,8,2,1,6,4,7,24,0,0,79,33,2
data/common_crawl-education_and_jobs-0018/shard_00000617.jsonl.zst,1003018,2,0,21,10,0,0,7,4,11,11,0,0,39,8,3
data/common_crawl-religion-0019/shard_00000077.jsonl.zst,1001049,0,0,4,5,0,8,11,0,4,28,0,0,54,0,4
data/common_crawl-science_math_and_technology-0016/shard_00000519.jsonl.zst,1008802,0,0,7,0,0,0,3,0,3,16,0,0,17,10,3
data/common_crawl-industrial-0019/shard_00000165.jsonl.zst,1000595,0,0,7,0,0,0,14,0,49,7,0,0,7,7,0
data/common_crawl-games-0017/shard_00000117.jsonl.zst,1001910,1,0,11,4,0,1,7,2,9,16,0,0,27,21,0
data/common_crawl-politics-0018/shard_00000498.jsonl.zst,1000915,0,0,7,4,1,1,16,2,8,21,0,0,69,22,0
data/common_crawl-education_and_jobs-0019/shard_00000122.jsonl.zst,1000413,0,0,6,14,7,0,6,14,27,0,0,0,41,13,0
data/common_crawl-software_development-0013/shard_00000077.jsonl.zst,1000066,4,0,8,0,0,0,7,0,6,6,0,2,36,22,0
data/common_crawl-science_math_and_technology-0018/shard_00000615.jsonl.zst,1001539,0,0,0,0,0,0,21,7,14,4,0,0,12,25,0
data/common_crawl-science_math_and_technology-0015/shard_00000795.jsonl.zst,1000262,0,0,2,12,0,0,4,2,10,14,0,0,27,8,0
data/common_crawl-software-0019/shard_00000006.jsonl.zst,1003171,0,0,28,0,0,0,7,0,28,14,0,0,86,0,0
data/common_crawl-games-0016/shard_00000228.jsonl.zst,1001804,0,0,12,0,0,2,11,1,3,22,0,0,57,20,0
data/common_crawl-games-0017/shard_00000106.jsonl.zst,1001188,4,0,4,1,0,0,11,1,5,24,0,1,56,22,0
data/common_crawl-health-0019/shard_00000905.jsonl.zst,1000032,0,0,21,0,0,0,14,0,42,14,0,0,28,42,0
data/common_crawl-food_and_dining-0018/shard_00000120.jsonl.zst,1000282,0,0,12,3,0,0,4,0,11,17,2,0,36,30,0
data/common_crawl-science_math_and_technology-0015/shard_00000042.jsonl.zst,1000310,6,0,4,1,0,0,8,0,3,8,0,0,18,7,0
data/common_crawl-crime_and_law-0018/shard_00000382.jsonl.zst,1001230,0,0,13,6,0,1,5,2,3,15,1,0,44,11,0
data/common_crawl-finance_and_business-0019/shard_00000559.jsonl.zst,1001592,2,2,10,4,0,4,42,12,22,6,0,0,26,8,3
