source,frame_id,hits,words
base-0.7,F01,13,2327984
base-0.7,F02,1,2327984
base-0.7,F03,20,2327984
base-0.7,F04,0,2327984
base-0.7,F05,0,2327984
base-0.7,F06,1,2327984
base-0.7,F07,140,2327984
base-0.7,F08,49,2327984
base-0.7,F09,116,2327984
base-0.7,F10,18,2327984
base-0.7,F11,0,2327984
base-0.7,F12,0,2327984
base-0.7,F13,83,2327984
base-0.7,F14,13,2327984
base-0.7,F15,0,2327984
base-1.0,F01,10,2426034
base-1.0,F02,5,2426034
base-1.0,F03,36,2426034
base-1.0,F04,3,2426034
base-1.0,F05,0,2426034
base-1.0,F06,3,2426034
base-1.0,F07,139,2426034
base-1.0,F08,54,2426034
base-1.0,F09,251,2426034
base-1.0,F10,33,2426034
base-1.0,F11,0,2426034
base-1.0,F12,0,2426034
base-1.0,F13,69,2426034
base-1.0,F14,41,2426034
base-1.0,F15,3,2426034
instruct-0.7,F01,67,2614894
instruct-0.7,F02,9,2614894
instruct-0.7,F03,141,2614894
instruct-0.7,F04,2,2614894
instruct-0.7,F05,0,2614894
instruct-0.7,F06,3,2614894
instruct-0.7,F07,361,2614894
instruct-0.7,F08,28,2614894
instruct-0.7,F09,1462,2614894
instruct-0.7,F10,44,2614894
instruct-0.7,F11,0,2614894
instruct-0.7,F12,0,2614894
instruct-0.7,F13,141,2614894
instruct-0.7,F14,22,2614894
instruct-0.7,F15,15,2614894
instruct-1.0,F01,57,2680977
instruct-1.0,F02,13,2680977
instruct-1.0,F03,152,2680977
instruct-1.0,F04,4,2680977
instruct-1.0,F05,0,2680977
instruct-1.0,F06,1,2680977
instruct-1.0,F07,279,2680977
instruct-1.0,F08,36,2680977
instruct-1.0,F09,1303,2680977
instruct-1.0,F10,94,2680977
instruct-1.0,F11,0,2680977
instruct-1.0,F12,0,2680977
instruct-1.0,F13,135,2680977
instruct-1.0,F14,36,2680977
instruct-1.0,F15,10,2680977
