source,topic,frame_id,hits,words,files_drawn,files_available,bytes,redacted
common_crawl,adult_content,F01,0,0,0,167,9777573040,0
common_crawl,adult_content,F02,0,0,0,167,9777573040,0
common_crawl,adult_content,F03,0,0,0,167,9777573040,0
common_crawl,adult_content,F04,0,0,0,167,9777573040,0
common_crawl,adult_content,F05,0,0,0,167,9777573040,0
common_crawl,adult_content,F06,0,0,0,167,9777573040,0
common_crawl,adult_content,F07,0,0,0,167,9777573040,0
common_crawl,adult_content,F08,0,0,0,167,9777573040,0
common_crawl,adult_content,F09,0,0,0,167,9777573040,0
common_crawl,adult_content,F10,0,0,0,167,9777573040,0
common_crawl,adult_content,F11,0,0,0,167,9777573040,0
common_crawl,adult_content,F12,0,0,0,167,9777573040,0
common_crawl,adult_content,F13,0,0,0,167,9777573040,0
common_crawl,adult_content,F14,0,0,0,167,9777573040,0
common_crawl,adult_content,F15,0,0,0,167,9777573040,0
common_crawl,art_and_design,F01,1,4006041,4,646,51463419025,0
common_crawl,art_and_design,F02,0,4006041,4,646,51463419025,0
common_crawl,art_and_design,F03,68,4006041,4,646,51463419025,0
common_crawl,art_and_design,F04,47,4006041,4,646,51463419025,0
common_crawl,art_and_design,F05,4,4006041,4,646,51463419025,0
common_crawl,art_and_design,F06,1,4006041,4,646,51463419025,0
common_crawl,art_and_design,F07,84,4006041,4,646,51463419025,0
common_crawl,art_and_design,F08,20,4006041,4,646,51463419025,0
common_crawl,art_and_design,F09,31,4006041,4,646,51463419025,0
common_crawl,art_and_design,F10,84,4006041,4,646,51463419025,0
common_crawl,art_and_design,F11,0,4006041,4,646,51463419025,0
common_crawl,art_and_design,F12,0,4006041,4,646,51463419025,0
common_crawl,art_and_design,F13,403,4006041,4,646,51463419025,0
common_crawl,art_and_design,F14,61,4006041,4,646,51463419025,0
common_crawl,art_and_design,F15,1,4006041,4,646,51463419025,0
common_crawl,crime_and_law,F01,1,8008664,8,1049,84557747672,0
common_crawl,crime_and_law,F02,6,8008664,8,1049,84557747672,0
common_crawl,crime_and_law,F03,77,8008664,8,1049,84557747672,0
common_crawl,crime_and_law,F04,8,8008664,8,1049,84557747672,0
common_crawl,crime_and_law,F05,1,8008664,8,1049,84557747672,0
common_crawl,crime_and_law,F06,4,8008664,8,1049,84557747672,0
common_crawl,crime_and_law,F07,41,8008664,8,1049,84557747672,0
common_crawl,crime_and_law,F08,13,8008664,8,1049,84557747672,0
common_crawl,crime_and_law,F09,39,8008664,8,1049,84557747672,0
common_crawl,crime_and_law,F10,127,8008664,8,1049,84557747672,0
common_crawl,crime_and_law,F11,1,8008664,8,1049,84557747672,0
common_crawl,crime_and_law,F12,0,8008664,8,1049,84557747672,0
common_crawl,crime_and_law,F13,271,8008664,8,1049,84557747672,0
common_crawl,crime_and_law,F14,75,8008664,8,1049,84557747672,0
common_crawl,crime_and_law,F15,1,8008664,8,1049,84557747672,0
common_crawl,education_and_jobs,F01,8,9013493,9,1732,136915169779,0
common_crawl,education_and_jobs,F02,0,9013493,9,1732,136915169779,0
common_crawl,education_and_jobs,F03,75,9013493,9,1732,136915169779,0
common_crawl,education_and_jobs,F04,43,9013493,9,1732,136915169779,0
common_crawl,education_and_jobs,F05,7,9013493,9,1732,136915169779,0
common_crawl,education_and_jobs,F06,0,9013493,9,1732,136915169779,0
common_crawl,education_and_jobs,F07,134,9013493,9,1732,136915169779,0
common_crawl,education_and_jobs,F08,41,9013493,9,1732,136915169779,0
common_crawl,education_and_jobs,F09,151,9013493,9,1732,136915169779,0
common_crawl,education_and_jobs,F10,104,9013493,9,1732,136915169779,0
common_crawl,education_and_jobs,F11,0,9013493,9,1732,136915169779,0
common_crawl,education_and_jobs,F12,0,9013493,9,1732,136915169779,0
common_crawl,education_and_jobs,F13,349,9013493,9,1732,136915169779,0
common_crawl,education_and_jobs,F14,89,9013493,9,1732,136915169779,0
common_crawl,education_and_jobs,F15,5,9013493,9,1732,136915169779,0
common_crawl,electronics_and_hardware,F01,10,7005124,7,1253,99862894694,0
common_crawl,electronics_and_hardware,F02,5,7005124,7,1253,99862894694,0
common_crawl,electronics_and_hardware,F03,68,7005124,7,1253,99862894694,0
common_crawl,electronics_and_hardware,F04,46,7005124,7,1253,99862894694,0
common_crawl,electronics_and_hardware,F05,1,7005124,7,1253,99862894694,0
common_crawl,electronics_and_hardware,F06,2,7005124,7,1253,99862894694,0
common_crawl,electronics_and_hardware,F07,54,7005124,7,1253,99862894694,0
common_crawl,electronics_and_hardware,F08,10,7005124,7,1253,99862894694,0
common_crawl,electronics_and_hardware,F09,50,7005124,7,1253,99862894694,0
common_crawl,electronics_and_hardware,F10,106,7005124,7,1253,99862894694,0
common_crawl,electronics_and_hardware,F11,2,7005124,7,1253,99862894694,0
common_crawl,electronics_and_hardware,F12,0,7005124,7,1253,99862894694,0
common_crawl,electronics_and_hardware,F13,266,7005124,7,1253,99862894694,0
common_crawl,electronics_and_hardware,F14,141,7005124,7,1253,99862894694,0
common_crawl,electronics_and_hardware,F15,4,7005124,7,1253,99862894694,0
common_crawl,entertainment,F01,50,17055850,17,2953,261630360906,0
common_crawl,entertainment,F02,25,17055850,17,2953,261630360906,0
common_crawl,entertainment,F03,182,17055850,17,2953,261630360906,0
common_crawl,entertainment,F04,116,17055850,17,2953,261630360906,0
common_crawl,entertainment,F05,22,17055850,17,2953,261630360906,0
common_crawl,entertainment,F06,13,17055850,17,2953,261630360906,0
common_crawl,entertainment,F07,188,17055850,17,2953,261630360906,0
common_crawl,entertainment,F08,28,17055850,17,2953,261630360906,0
common_crawl,entertainment,F09,166,17055850,17,2953,261630360906,0
common_crawl,entertainment,F10,328,17055850,17,2953,261630360906,0
common_crawl,entertainment,F11,7,17055850,17,2953,261630360906,0
common_crawl,entertainment,F12,3,17055850,17,2953,261630360906,0
common_crawl,entertainment,F13,1405,17055850,17,2953,261630360906,0
common_crawl,entertainment,F14,933,17055850,17,2953,261630360906,0
common_crawl,entertainment,F15,13,17055850,17,2953,261630360906,0
common_crawl,fashion_and_beauty,F01,0,0,0,17,1215522132,0
common_crawl,fashion_and_beauty,F02,0,0,0,17,1215522132,0
common_crawl,fashion_and_beauty,F03,0,0,0,17,1215522132,0
common_crawl,fashion_and_beauty,F04,0,0,0,17,1215522132,0
common_crawl,fashion_and_beauty,F05,0,0,0,17,1215522132,0
common_crawl,fashion_and_beauty,F06,0,0,0,17,1215522132,0
common_crawl,fashion_and_beauty,F07,0,0,0,17,1215522132,0
common_crawl,fashion_and_beauty,F08,0,0,0,17,1215522132,0
common_crawl,fashion_and_beauty,F09,0,0,0,17,1215522132,0
common_crawl,fashion_and_beauty,F10,0,0,0,17,1215522132,0
common_crawl,fashion_and_beauty,F11,0,0,0,17,1215522132,0
common_crawl,fashion_and_beauty,F12,0,0,0,17,1215522132,0
common_crawl,fashion_and_beauty,F13,0,0,0,17,1215522132,0
common_crawl,fashion_and_beauty,F14,0,0,0,17,1215522132,0
common_crawl,fashion_and_beauty,F15,0,0,0,17,1215522132,0
common_crawl,finance_and_business,F01,27,16011224,16,2690,208545010397,0
common_crawl,finance_and_business,F02,2,16011224,16,2690,208545010397,0
common_crawl,finance_and_business,F03,195,16011224,16,2690,208545010397,0
common_crawl,finance_and_business,F04,40,16011224,16,2690,208545010397,0
common_crawl,finance_and_business,F05,7,16011224,16,2690,208545010397,0
common_crawl,finance_and_business,F06,8,16011224,16,2690,208545010397,0
common_crawl,finance_and_business,F07,333,16011224,16,2690,208545010397,0
common_crawl,finance_and_business,F08,110,16011224,16,2690,208545010397,0
common_crawl,finance_and_business,F09,348,16011224,16,2690,208545010397,0
common_crawl,finance_and_business,F10,118,16011224,16,2690,208545010397,0
common_crawl,finance_and_business,F11,0,16011224,16,2690,208545010397,0
common_crawl,finance_and_business,F12,0,16011224,16,2690,208545010397,0
common_crawl,finance_and_business,F13,596,16011224,16,2690,208545010397,0
common_crawl,finance_and_business,F14,153,16011224,16,2690,208545010397,0
common_crawl,finance_and_business,F15,15,16011224,16,2690,208545010397,0
common_crawl,food_and_dining,F01,4,6007107,6,858,67212066292,0
common_crawl,food_and_dining,F02,3,6007107,6,858,67212066292,0
common_crawl,food_and_dining,F03,66,6007107,6,858,67212066292,0
common_crawl,food_and_dining,F04,25,6007107,6,858,67212066292,0
common_crawl,food_and_dining,F05,3,6007107,6,858,67212066292,0
common_crawl,food_and_dining,F06,12,6007107,6,858,67212066292,0
common_crawl,food_and_dining,F07,68,6007107,6,858,67212066292,0
common_crawl,food_and_dining,F08,17,6007107,6,858,67212066292,0
common_crawl,food_and_dining,F09,109,6007107,6,858,67212066292,0
common_crawl,food_and_dining,F10,97,6007107,6,858,67212066292,0
common_crawl,food_and_dining,F11,2,6007107,6,858,67212066292,0
common_crawl,food_and_dining,F12,1,6007107,6,858,67212066292,0
common_crawl,food_and_dining,F13,212,6007107,6,858,67212066292,0
common_crawl,food_and_dining,F14,174,6007107,6,858,67212066292,0
common_crawl,food_and_dining,F15,0,6007107,6,858,67212066292,0
common_crawl,games,F01,16,15023793,15,2263,194763254912,0
common_crawl,games,F02,5,15023793,15,2263,194763254912,0
common_crawl,games,F03,114,15023793,15,2263,194763254912,0
common_crawl,games,F04,70,15023793,15,2263,194763254912,0
common_crawl,games,F05,4,15023793,15,2263,194763254912,0
common_crawl,games,F06,3,15023793,15,2263,194763254912,0
common_crawl,games,F07,125,15023793,15,2263,194763254912,0
common_crawl,games,F08,18,15023793,15,2263,194763254912,0
common_crawl,games,F09,87,15023793,15,2263,194763254912,0
common_crawl,games,F10,271,15023793,15,2263,194763254912,0
common_crawl,games,F11,6,15023793,15,2263,194763254912,0
common_crawl,games,F12,1,15023793,15,2263,194763254912,0
common_crawl,games,F13,586,15023793,15,2263,194763254912,0
common_crawl,games,F14,372,15023793,15,2263,194763254912,0
common_crawl,games,F15,7,15023793,15,2263,194763254912,0
common_crawl,health,F01,16,12047171,12,3260,275384307677,0
common_crawl,health,F02,1,12047171,12,3260,275384307677,0
common_crawl,health,F03,81,12047171,12,3260,275384307677,0
common_crawl,health,F04,18,12047171,12,3260,275384307677,0
common_crawl,health,F05,3,12047171,12,3260,275384307677,0
common_crawl,health,F06,0,12047171,12,3260,275384307677,0
common_crawl,health,F07,120,12047171,12,3260,275384307677,0
common_crawl,health,F08,32,12047171,12,3260,275384307677,0
common_crawl,health,F09,168,12047171,12,3260,275384307677,0
common_crawl,health,F10,173,12047171,12,3260,275384307677,0
common_crawl,health,F11,0,12047171,12,3260,275384307677,0
common_crawl,health,F12,0,12047171,12,3260,275384307677,0
common_crawl,health,F13,309,12047171,12,3260,275384307677,0
common_crawl,health,F14,230,12047171,12,3260,275384307677,0
common_crawl,health,F15,10,12047171,12,3260,275384307677,0
common_crawl,history_and_geography,F01,5,5026517,5,811,72580669393,0
common_crawl,history_and_geography,F02,0,5026517,5,811,72580669393,0
common_crawl,history_and_geography,F03,6,5026517,5,811,72580669393,0
common_crawl,history_and_geography,F04,7,5026517,5,811,72580669393,0
common_crawl,history_and_geography,F05,0,5026517,5,811,72580669393,0
common_crawl,history_and_geography,F06,2,5026517,5,811,72580669393,0
common_crawl,history_and_geography,F07,10,5026517,5,811,72580669393,0
common_crawl,history_and_geography,F08,2,5026517,5,811,72580669393,0
common_crawl,history_and_geography,F09,0,5026517,5,811,72580669393,0
common_crawl,history_and_geography,F10,77,5026517,5,811,72580669393,0
common_crawl,history_and_geography,F11,0,5026517,5,811,72580669393,0
common_crawl,history_and_geography,F12,0,5026517,5,811,72580669393,0
common_crawl,history_and_geography,F13,81,5026517,5,811,72580669393,0
common_crawl,history_and_geography,F14,33,5026517,5,811,72580669393,0
common_crawl,history_and_geography,F15,0,5026517,5,811,72580669393,0
common_crawl,home_and_hobbies,F01,8,6009376,6,1119,83911791531,0
common_crawl,home_and_hobbies,F02,1,6009376,6,1119,83911791531,0
common_crawl,home_and_hobbies,F03,71,6009376,6,1119,83911791531,0
common_crawl,home_and_hobbies,F04,21,6009376,6,1119,83911791531,0
common_crawl,home_and_hobbies,F05,2,6009376,6,1119,83911791531,0
common_crawl,home_and_hobbies,F06,1,6009376,6,1119,83911791531,0
common_crawl,home_and_hobbies,F07,86,6009376,6,1119,83911791531,0
common_crawl,home_and_hobbies,F08,29,6009376,6,1119,83911791531,0
common_crawl,home_and_hobbies,F09,125,6009376,6,1119,83911791531,0
common_crawl,home_and_hobbies,F10,65,6009376,6,1119,83911791531,0
common_crawl,home_and_hobbies,F11,3,6009376,6,1119,83911791531,0
common_crawl,home_and_hobbies,F12,0,6009376,6,1119,83911791531,0
common_crawl,home_and_hobbies,F13,143,6009376,6,1119,83911791531,0
common_crawl,home_and_hobbies,F14,82,6009376,6,1119,83911791531,0
common_crawl,home_and_hobbies,F15,2,6009376,6,1119,83911791531,0
common_crawl,industrial,F01,2,4001114,4,616,46873609341,0
common_crawl,industrial,F02,0,4001114,4,616,46873609341,0
common_crawl,industrial,F03,24,4001114,4,616,46873609341,0
common_crawl,industrial,F04,0,4001114,4,616,46873609341,0
common_crawl,industrial,F05,0,4001114,4,616,46873609341,0
common_crawl,industrial,F06,0,4001114,4,616,46873609341,0
common_crawl,industrial,F07,41,4001114,4,616,46873609341,0
common_crawl,industrial,F08,10,4001114,4,616,46873609341,0
common_crawl,industrial,F09,82,4001114,4,616,46873609341,0
common_crawl,industrial,F10,34,4001114,4,616,46873609341,0
common_crawl,industrial,F11,0,4001114,4,616,46873609341,0
common_crawl,industrial,F12,0,4001114,4,616,46873609341,0
common_crawl,industrial,F13,48,4001114,4,616,46873609341,0
common_crawl,industrial,F14,15,4001114,4,616,46873609341,0
common_crawl,industrial,F15,7,4001114,4,616,46873609341,0
common_crawl,literature,F01,1,6053753,6,1853,175830207932,0
common_crawl,literature,F02,2,6053753,6,1853,175830207932,0
common_crawl,literature,F03,27,6053753,6,1853,175830207932,0
common_crawl,literature,F04,40,6053753,6,1853,175830207932,0
common_crawl,literature,F05,0,6053753,6,1853,175830207932,0
common_crawl,literature,F06,4,6053753,6,1853,175830207932,0
common_crawl,literature,F07,7,6053753,6,1853,175830207932,0
common_crawl,literature,F08,1,6053753,6,1853,175830207932,0
common_crawl,literature,F09,9,6053753,6,1853,175830207932,0
common_crawl,literature,F10,167,6053753,6,1853,175830207932,0
common_crawl,literature,F11,0,6053753,6,1853,175830207932,0
common_crawl,literature,F12,0,6053753,6,1853,175830207932,0
common_crawl,literature,F13,187,6053753,6,1853,175830207932,0
common_crawl,literature,F14,121,6053753,6,1853,175830207932,0
common_crawl,literature,F15,0,6053753,6,1853,175830207932,0
common_crawl,politics,F01,21,9032067,9,1627,136416392866,0
common_crawl,politics,F02,4,9032067,9,1627,136416392866,0
common_crawl,politics,F03,79,9032067,9,1627,136416392866,0
common_crawl,politics,F04,64,9032067,9,1627,136416392866,0
common_crawl,politics,F05,5,9032067,9,1627,136416392866,0
common_crawl,politics,F06,12,9032067,9,1627,136416392866,0
common_crawl,politics,F07,106,9032067,9,1627,136416392866,0
common_crawl,politics,F08,23,9032067,9,1627,136416392866,0
common_crawl,politics,F09,40,9032067,9,1627,136416392866,0
common_crawl,politics,F10,182,9032067,9,1627,136416392866,0
common_crawl,politics,F11,2,9032067,9,1627,136416392866,0
common_crawl,politics,F12,0,9032067,9,1627,136416392866,0
common_crawl,politics,F13,538,9032067,9,1627,136416392866,0
common_crawl,politics,F14,166,9032067,9,1627,136416392866,0
common_crawl,politics,F15,19,9032067,9,1627,136416392866,0
common_crawl,religion,F01,17,8016183,8,842,74107608030,0
common_crawl,religion,F02,0,8016183,8,842,74107608030,0
common_crawl,religion,F03,39,8016183,8,842,74107608030,0
common_crawl,religion,F04,35,8016183,8,842,74107608030,0
common_crawl,religion,F05,0,8016183,8,842,74107608030,0
common_crawl,religion,F06,11,8016183,8,842,74107608030,0
common_crawl,religion,F07,38,8016183,8,842,74107608030,0
common_crawl,religion,F08,19,8016183,8,842,74107608030,0
common_crawl,religion,F09,55,8016183,8,842,74107608030,0
common_crawl,religion,F10,218,8016183,8,842,74107608030,0
common_crawl,religion,F11,0,8016183,8,842,74107608030,0
common_crawl,religion,F12,1,8016183,8,842,74107608030,0
common_crawl,religion,F13,377,8016183,8,842,74107608030,0
common_crawl,religion,F14,75,8016183,8,842,74107608030,0
common_crawl,religion,F15,8,8016183,8,842,74107608030,0
common_crawl,science_math_and_technology,F01,15,30057240,30,6003,512683901933,0
common_crawl,science_math_and_technology,F02,3,30057240,30,6003,512683901933,0
common_crawl,science_math_and_technology,F03,96,30057240,30,6003,512683901933,0
common_crawl,science_math_and_technology,F04,52,30057240,30,6003,512683901933,0
common_crawl,science_math_and_technology,F05,7,30057240,30,6003,512683901933,0
common_crawl,science_math_and_technology,F06,8,30057240,30,6003,512683901933,0
common_crawl,science_math_and_technology,F07,232,30057240,30,6003,512683901933,0
common_crawl,science_math_and_technology,F08,54,30057240,30,6003,512683901933,0
common_crawl,science_math_and_technology,F09,117,30057240,30,6003,512683901933,0
common_crawl,science_math_and_technology,F10,345,30057240,30,6003,512683901933,0
common_crawl,science_math_and_technology,F11,0,30057240,30,6003,512683901933,0
common_crawl,science_math_and_technology,F12,2,30057240,30,6003,512683901933,0
common_crawl,science_math_and_technology,F13,684,30057240,30,6003,512683901933,0
common_crawl,science_math_and_technology,F14,510,30057240,30,6003,512683901933,0
common_crawl,science_math_and_technology,F15,11,30057240,30,6003,512683901933,0
common_crawl,social_life,F01,15,5002606,5,489,39739415713,0
common_crawl,social_life,F02,5,5002606,5,489,39739415713,0
common_crawl,social_life,F03,40,5002606,5,489,39739415713,0
common_crawl,social_life,F04,73,5002606,5,489,39739415713,0
common_crawl,social_life,F05,0,5002606,5,489,39739415713,0
common_crawl,social_life,F06,7,5002606,5,489,39739415713,0
common_crawl,social_life,F07,71,5002606,5,489,39739415713,0
common_crawl,social_life,F08,12,5002606,5,489,39739415713,0
common_crawl,social_life,F09,52,5002606,5,489,39739415713,0
common_crawl,social_life,F10,101,5002606,5,489,39739415713,0
common_crawl,social_life,F11,7,5002606,5,489,39739415713,0
common_crawl,social_life,F12,0,5002606,5,489,39739415713,0
common_crawl,social_life,F13,464,5002606,5,489,39739415713,0
common_crawl,social_life,F14,186,5002606,5,489,39739415713,0
common_crawl,social_life,F15,2,5002606,5,489,39739415713,0
common_crawl,software,F01,7,13044678,13,1880,144283075659,0
common_crawl,software,F02,2,13044678,13,1880,144283075659,0
common_crawl,software,F03,210,13044678,13,1880,144283075659,0
common_crawl,software,F04,39,13044678,13,1880,144283075659,0
common_crawl,software,F05,3,13044678,13,1880,144283075659,0
common_crawl,software,F06,0,13044678,13,1880,144283075659,0
common_crawl,software,F07,107,13044678,13,1880,144283075659,0
common_crawl,software,F08,32,13044678,13,1880,144283075659,0
common_crawl,software,F09,141,13044678,13,1880,144283075659,0
common_crawl,software,F10,162,13044678,13,1880,144283075659,0
common_crawl,software,F11,1,13044678,13,1880,144283075659,0
common_crawl,software,F12,0,13044678,13,1880,144283075659,0
common_crawl,software,F13,436,13044678,13,1880,144283075659,0
common_crawl,software,F14,185,13044678,13,1880,144283075659,0
common_crawl,software,F15,19,13044678,13,1880,144283075659,0
common_crawl,software_development,F01,12,9010290,9,2650,215254741128,0
common_crawl,software_development,F02,0,9010290,9,2650,215254741128,0
common_crawl,software_development,F03,103,9010290,9,2650,215254741128,0
common_crawl,software_development,F04,27,9010290,9,2650,215254741128,0
common_crawl,software_development,F05,7,9010290,9,2650,215254741128,0
common_crawl,software_development,F06,3,9010290,9,2650,215254741128,0
common_crawl,software_development,F07,27,9010290,9,2650,215254741128,0
common_crawl,software_development,F08,5,9010290,9,2650,215254741128,0
common_crawl,software_development,F09,59,9010290,9,2650,215254741128,0
common_crawl,software_development,F10,131,9010290,9,2650,215254741128,0
common_crawl,software_development,F11,0,9010290,9,2650,215254741128,0
common_crawl,software_development,F12,2,9010290,9,2650,215254741128,0
common_crawl,software_development,F13,318,9010290,9,2650,215254741128,0
common_crawl,software_development,F14,227,9010290,9,2650,215254741128,0
common_crawl,software_development,F15,0,9010290,9,2650,215254741128,0
common_crawl,sports_and_fitness,F01,15,6004572,6,1249,95430754172,0
common_crawl,sports_and_fitness,F02,6,6004572,6,1249,95430754172,0
common_crawl,sports_and_fitness,F03,71,6004572,6,1249,95430754172,0
common_crawl,sports_and_fitness,F04,28,6004572,6,1249,95430754172,0
common_crawl,sports_and_fitness,F05,2,6004572,6,1249,95430754172,0
common_crawl,sports_and_fitness,F06,4,6004572,6,1249,95430754172,0
common_crawl,sports_and_fitness,F07,96,6004572,6,1249,95430754172,0
common_crawl,sports_and_fitness,F08,23,6004572,6,1249,95430754172,0
common_crawl,sports_and_fitness,F09,92,6004572,6,1249,95430754172,0
common_crawl,sports_and_fitness,F10,83,6004572,6,1249,95430754172,0
common_crawl,sports_and_fitness,F11,0,6004572,6,1249,95430754172,0
common_crawl,sports_and_fitness,F12,0,6004572,6,1249,95430754172,0
common_crawl,sports_and_fitness,F13,463,6004572,6,1249,95430754172,0
common_crawl,sports_and_fitness,F14,74,6004572,6,1249,95430754172,0
common_crawl,sports_and_fitness,F15,11,6004572,6,1249,95430754172,0
common_crawl,transportation,F01,2,3001378,3,659,49972507754,0
common_crawl,transportation,F02,4,3001378,3,659,49972507754,0
common_crawl,transportation,F03,47,3001378,3,659,49972507754,0
common_crawl,transportation,F04,10,3001378,3,659,49972507754,0
common_crawl,transportation,F05,1,3001378,3,659,49972507754,0
common_crawl,transportation,F06,0,3001378,3,659,49972507754,0
common_crawl,transportation,F07,42,3001378,3,659,49972507754,0
common_crawl,transportation,F08,8,3001378,3,659,49972507754,0
common_crawl,transportation,F09,43,3001378,3,659,49972507754,0
common_crawl,transportation,F10,38,3001378,3,659,49972507754,0
common_crawl,transportation,F11,0,3001378,3,659,49972507754,0
common_crawl,transportation,F12,0,3001378,3,659,49972507754,0
common_crawl,transportation,F13,95,3001378,3,659,49972507754,0
common_crawl,transportation,F14,35,3001378,3,659,49972507754,0
common_crawl,transportation,F15,1,3001378,3,659,49972507754,0
common_crawl,travel_and_tourism,F01,2,2005747,2,250,18730382059,0
common_crawl,travel_and_tourism,F02,0,2005747,2,250,18730382059,0
common_crawl,travel_and_tourism,F03,18,2005747,2,250,18730382059,0
common_crawl,travel_and_tourism,F04,4,2005747,2,250,18730382059,0
common_crawl,travel_and_tourism,F05,0,2005747,2,250,18730382059,0
common_crawl,travel_and_tourism,F06,1,2005747,2,250,18730382059,0
common_crawl,travel_and_tourism,F07,42,2005747,2,250,18730382059,0
common_crawl,travel_and_tourism,F08,8,2005747,2,250,18730382059,0
common_crawl,travel_and_tourism,F09,66,2005747,2,250,18730382059,0
common_crawl,travel_and_tourism,F10,20,2005747,2,250,18730382059,0
common_crawl,travel_and_tourism,F11,0,2005747,2,250,18730382059,0
common_crawl,travel_and_tourism,F12,0,2005747,2,250,18730382059,0
common_crawl,travel_and_tourism,F13,45,2005747,2,250,18730382059,0
common_crawl,travel_and_tourism,F14,39,2005747,2,250,18730382059,0
common_crawl,travel_and_tourism,F15,0,2005747,2,250,18730382059,0
dolma1_7-wiki-en,dolma1_7-wiki-en,F01,1,20018046,20,42,3409232762,0
dolma1_7-wiki-en,dolma1_7-wiki-en,F02,0,20018046,20,42,3409232762,0
dolma1_7-wiki-en,dolma1_7-wiki-en,F03,2,20018046,20,42,3409232762,0
dolma1_7-wiki-en,dolma1_7-wiki-en,F04,3,20018046,20,42,3409232762,0
dolma1_7-wiki-en,dolma1_7-wiki-en,F05,0,20018046,20,42,3409232762,0
dolma1_7-wiki-en,dolma1_7-wiki-en,F06,5,20018046,20,42,3409232762,0
dolma1_7-wiki-en,dolma1_7-wiki-en,F07,5,20018046,20,42,3409232762,0
dolma1_7-wiki-en,dolma1_7-wiki-en,F08,7,20018046,20,42,3409232762,0
dolma1_7-wiki-en,dolma1_7-wiki-en,F09,3,20018046,20,42,3409232762,0
dolma1_7-wiki-en,dolma1_7-wiki-en,F10,139,20018046,20,42,3409232762,0
dolma1_7-wiki-en,dolma1_7-wiki-en,F11,0,20018046,20,42,3409232762,0
dolma1_7-wiki-en,dolma1_7-wiki-en,F12,0,20018046,20,42,3409232762,0
dolma1_7-wiki-en,dolma1_7-wiki-en,F13,51,20018046,20,42,3409232762,0
dolma1_7-wiki-en,dolma1_7-wiki-en,F14,112,20018046,20,42,3409232762,0
dolma1_7-wiki-en,dolma1_7-wiki-en,F15,0,20018046,20,42,3409232762,0
finemath-3plus,finemath-3plus,F01,14,20116321,20,128,47567348790,0
finemath-3plus,finemath-3plus,F02,0,20116321,20,128,47567348790,0
finemath-3plus,finemath-3plus,F03,171,20116321,20,128,47567348790,0
finemath-3plus,finemath-3plus,F04,61,20116321,20,128,47567348790,0
finemath-3plus,finemath-3plus,F05,6,20116321,20,128,47567348790,0
finemath-3plus,finemath-3plus,F06,5,20116321,20,128,47567348790,0
finemath-3plus,finemath-3plus,F07,20,20116321,20,128,47567348790,0
finemath-3plus,finemath-3plus,F08,4,20116321,20,128,47567348790,0
finemath-3plus,finemath-3plus,F09,67,20116321,20,128,47567348790,0
finemath-3plus,finemath-3plus,F10,183,20116321,20,128,47567348790,0
finemath-3plus,finemath-3plus,F11,5,20116321,20,128,47567348790,0
finemath-3plus,finemath-3plus,F12,9,20116321,20,128,47567348790,0
finemath-3plus,finemath-3plus,F13,253,20116321,20,128,47567348790,0
finemath-3plus,finemath-3plus,F14,364,20116321,20,128,47567348790,0
finemath-3plus,finemath-3plus,F15,40,20116321,20,128,47567348790,0
olmocr_science_pdfs,adult_content,F01,0,29365,1,2548,162400883,0
olmocr_science_pdfs,adult_content,F02,0,29365,1,2548,162400883,0
olmocr_science_pdfs,adult_content,F03,0,29365,1,2548,162400883,0
olmocr_science_pdfs,adult_content,F04,0,29365,1,2548,162400883,0
olmocr_science_pdfs,adult_content,F05,0,29365,1,2548,162400883,0
olmocr_science_pdfs,adult_content,F06,0,29365,1,2548,162400883,0
olmocr_science_pdfs,adult_content,F07,0,29365,1,2548,162400883,0
olmocr_science_pdfs,adult_content,F08,0,29365,1,2548,162400883,0
olmocr_science_pdfs,adult_content,F09,0,29365,1,2548,162400883,0
olmocr_science_pdfs,adult_content,F10,0,29365,1,2548,162400883,0
olmocr_science_pdfs,adult_content,F11,0,29365,1,2548,162400883,0
olmocr_science_pdfs,adult_content,F12,0,29365,1,2548,162400883,0
olmocr_science_pdfs,adult_content,F13,1,29365,1,2548,162400883,0
olmocr_science_pdfs,adult_content,F14,0,29365,1,2548,162400883,0
olmocr_science_pdfs,adult_content,F15,0,29365,1,2548,162400883,0
olmocr_science_pdfs,art_and_design,F01,0,2028257,7,6374,2901476236,1
olmocr_science_pdfs,art_and_design,F02,1,2028257,7,6374,2901476236,1
olmocr_science_pdfs,art_and_design,F03,1,2028257,7,6374,2901476236,1
olmocr_science_pdfs,art_and_design,F04,1,2028257,7,6374,2901476236,1
olmocr_science_pdfs,art_and_design,F05,0,2028257,7,6374,2901476236,1
olmocr_science_pdfs,art_and_design,F06,0,2028257,7,6374,2901476236,1
olmocr_science_pdfs,art_and_design,F07,1,2028257,7,6374,2901476236,1
olmocr_science_pdfs,art_and_design,F08,3,2028257,7,6374,2901476236,1
olmocr_science_pdfs,art_and_design,F09,0,2028257,7,6374,2901476236,1
olmocr_science_pdfs,art_and_design,F10,21,2028257,7,6374,2901476236,1
olmocr_science_pdfs,art_and_design,F11,0,2028257,7,6374,2901476236,1
olmocr_science_pdfs,art_and_design,F12,0,2028257,7,6374,2901476236,1
olmocr_science_pdfs,art_and_design,F13,5,2028257,7,6374,2901476236,1
olmocr_science_pdfs,art_and_design,F14,4,2028257,7,6374,2901476236,1
olmocr_science_pdfs,art_and_design,F15,0,2028257,7,6374,2901476236,1
olmocr_science_pdfs,crime_and_law,F01,0,0,0,487,15294134076,0
olmocr_science_pdfs,crime_and_law,F02,0,0,0,487,15294134076,0
olmocr_science_pdfs,crime_and_law,F03,0,0,0,487,15294134076,0
olmocr_science_pdfs,crime_and_law,F04,0,0,0,487,15294134076,0
olmocr_science_pdfs,crime_and_law,F05,0,0,0,487,15294134076,0
olmocr_science_pdfs,crime_and_law,F06,0,0,0,487,15294134076,0
olmocr_science_pdfs,crime_and_law,F07,0,0,0,487,15294134076,0
olmocr_science_pdfs,crime_and_law,F08,0,0,0,487,15294134076,0
olmocr_science_pdfs,crime_and_law,F09,0,0,0,487,15294134076,0
olmocr_science_pdfs,crime_and_law,F10,0,0,0,487,15294134076,0
olmocr_science_pdfs,crime_and_law,F11,0,0,0,487,15294134076,0
olmocr_science_pdfs,crime_and_law,F12,0,0,0,487,15294134076,0
olmocr_science_pdfs,crime_and_law,F13,0,0,0,487,15294134076,0
olmocr_science_pdfs,crime_and_law,F14,0,0,0,487,15294134076,0
olmocr_science_pdfs,crime_and_law,F15,0,0,0,487,15294134076,0
olmocr_science_pdfs,education_and_jobs,F01,0,0,0,7967,71427162584,0
olmocr_science_pdfs,education_and_jobs,F02,0,0,0,7967,71427162584,0
olmocr_science_pdfs,education_and_jobs,F03,0,0,0,7967,71427162584,0
olmocr_science_pdfs,education_and_jobs,F04,0,0,0,7967,71427162584,0
olmocr_science_pdfs,education_and_jobs,F05,0,0,0,7967,71427162584,0
olmocr_science_pdfs,education_and_jobs,F06,0,0,0,7967,71427162584,0
olmocr_science_pdfs,education_and_jobs,F07,0,0,0,7967,71427162584,0
olmocr_science_pdfs,education_and_jobs,F08,0,0,0,7967,71427162584,0
olmocr_science_pdfs,education_and_jobs,F09,0,0,0,7967,71427162584,0
olmocr_science_pdfs,education_and_jobs,F10,0,0,0,7967,71427162584,0
olmocr_science_pdfs,education_and_jobs,F11,0,0,0,7967,71427162584,0
olmocr_science_pdfs,education_and_jobs,F12,0,0,0,7967,71427162584,0
olmocr_science_pdfs,education_and_jobs,F13,0,0,0,7967,71427162584,0
olmocr_science_pdfs,education_and_jobs,F14,0,0,0,7967,71427162584,0
olmocr_science_pdfs,education_and_jobs,F15,0,0,0,7967,71427162584,0
olmocr_science_pdfs,electronics_and_hardware,F01,0,512968,2,15931,6148158251,0
olmocr_science_pdfs,electronics_and_hardware,F02,0,512968,2,15931,6148158251,0
olmocr_science_pdfs,electronics_and_hardware,F03,1,512968,2,15931,6148158251,0
olmocr_science_pdfs,electronics_and_hardware,F04,0,512968,2,15931,6148158251,0
olmocr_science_pdfs,electronics_and_hardware,F05,0,512968,2,15931,6148158251,0
olmocr_science_pdfs,electronics_and_hardware,F06,0,512968,2,15931,6148158251,0
olmocr_science_pdfs,electronics_and_hardware,F07,0,512968,2,15931,6148158251,0
olmocr_science_pdfs,electronics_and_hardware,F08,0,512968,2,15931,6148158251,0
olmocr_science_pdfs,electronics_and_hardware,F09,0,512968,2,15931,6148158251,0
olmocr_science_pdfs,electronics_and_hardware,F10,2,512968,2,15931,6148158251,0
olmocr_science_pdfs,electronics_and_hardware,F11,0,512968,2,15931,6148158251,0
olmocr_science_pdfs,electronics_and_hardware,F12,0,512968,2,15931,6148158251,0
olmocr_science_pdfs,electronics_and_hardware,F13,0,512968,2,15931,6148158251,0
olmocr_science_pdfs,electronics_and_hardware,F14,1,512968,2,15931,6148158251,0
olmocr_science_pdfs,electronics_and_hardware,F15,0,512968,2,15931,6148158251,0
olmocr_science_pdfs,entertainment,F01,0,322620,2,7965,3310657499,2
olmocr_science_pdfs,entertainment,F02,0,322620,2,7965,3310657499,2
olmocr_science_pdfs,entertainment,F03,0,322620,2,7965,3310657499,2
olmocr_science_pdfs,entertainment,F04,0,322620,2,7965,3310657499,2
olmocr_science_pdfs,entertainment,F05,0,322620,2,7965,3310657499,2
olmocr_science_pdfs,entertainment,F06,0,322620,2,7965,3310657499,2
olmocr_science_pdfs,entertainment,F07,4,322620,2,7965,3310657499,2
olmocr_science_pdfs,entertainment,F08,0,322620,2,7965,3310657499,2
olmocr_science_pdfs,entertainment,F09,2,322620,2,7965,3310657499,2
olmocr_science_pdfs,entertainment,F10,0,322620,2,7965,3310657499,2
olmocr_science_pdfs,entertainment,F11,0,322620,2,7965,3310657499,2
olmocr_science_pdfs,entertainment,F12,0,322620,2,7965,3310657499,2
olmocr_science_pdfs,entertainment,F13,34,322620,2,7965,3310657499,2
olmocr_science_pdfs,entertainment,F14,0,322620,2,7965,3310657499,2
olmocr_science_pdfs,entertainment,F15,0,322620,2,7965,3310657499,2
olmocr_science_pdfs,finance_and_business,F01,0,3094303,3,4780,19819759116,4
olmocr_science_pdfs,finance_and_business,F02,0,3094303,3,4780,19819759116,4
olmocr_science_pdfs,finance_and_business,F03,0,3094303,3,4780,19819759116,4
olmocr_science_pdfs,finance_and_business,F04,2,3094303,3,4780,19819759116,4
olmocr_science_pdfs,finance_and_business,F05,0,3094303,3,4780,19819759116,4
olmocr_science_pdfs,finance_and_business,F06,0,3094303,3,4780,19819759116,4
olmocr_science_pdfs,finance_and_business,F07,133,3094303,3,4780,19819759116,4
olmocr_science_pdfs,finance_and_business,F08,1,3094303,3,4780,19819759116,4
olmocr_science_pdfs,finance_and_business,F09,0,3094303,3,4780,19819759116,4
olmocr_science_pdfs,finance_and_business,F10,20,3094303,3,4780,19819759116,4
olmocr_science_pdfs,finance_and_business,F11,0,3094303,3,4780,19819759116,4
olmocr_science_pdfs,finance_and_business,F12,0,3094303,3,4780,19819759116,4
olmocr_science_pdfs,finance_and_business,F13,5,3094303,3,4780,19819759116,4
olmocr_science_pdfs,finance_and_business,F14,14,3094303,3,4780,19819759116,4
olmocr_science_pdfs,finance_and_business,F15,0,3094303,3,4780,19819759116,4
olmocr_science_pdfs,food_and_dining,F01,0,0,0,1593,179361973,0
olmocr_science_pdfs,food_and_dining,F02,0,0,0,1593,179361973,0
olmocr_science_pdfs,food_and_dining,F03,0,0,0,1593,179361973,0
olmocr_science_pdfs,food_and_dining,F04,0,0,0,1593,179361973,0
olmocr_science_pdfs,food_and_dining,F05,0,0,0,1593,179361973,0
olmocr_science_pdfs,food_and_dining,F06,0,0,0,1593,179361973,0
olmocr_science_pdfs,food_and_dining,F07,0,0,0,1593,179361973,0
olmocr_science_pdfs,food_and_dining,F08,0,0,0,1593,179361973,0
olmocr_science_pdfs,food_and_dining,F09,0,0,0,1593,179361973,0
olmocr_science_pdfs,food_and_dining,F10,0,0,0,1593,179361973,0
olmocr_science_pdfs,food_and_dining,F11,0,0,0,1593,179361973,0
olmocr_science_pdfs,food_and_dining,F12,0,0,0,1593,179361973,0
olmocr_science_pdfs,food_and_dining,F13,0,0,0,1593,179361973,0
olmocr_science_pdfs,food_and_dining,F14,0,0,0,1593,179361973,0
olmocr_science_pdfs,food_and_dining,F15,0,0,0,1593,179361973,0
olmocr_science_pdfs,games,F01,2,68458,1,1563,267249852,0
olmocr_science_pdfs,games,F02,0,68458,1,1563,267249852,0
olmocr_science_pdfs,games,F03,0,68458,1,1563,267249852,0
olmocr_science_pdfs,games,F04,0,68458,1,1563,267249852,0
olmocr_science_pdfs,games,F05,0,68458,1,1563,267249852,0
olmocr_science_pdfs,games,F06,0,68458,1,1563,267249852,0
olmocr_science_pdfs,games,F07,2,68458,1,1563,267249852,0
olmocr_science_pdfs,games,F08,0,68458,1,1563,267249852,0
olmocr_science_pdfs,games,F09,0,68458,1,1563,267249852,0
olmocr_science_pdfs,games,F10,2,68458,1,1563,267249852,0
olmocr_science_pdfs,games,F11,0,68458,1,1563,267249852,0
olmocr_science_pdfs,games,F12,0,68458,1,1563,267249852,0
olmocr_science_pdfs,games,F13,12,68458,1,1563,267249852,0
olmocr_science_pdfs,games,F14,2,68458,1,1563,267249852,0
olmocr_science_pdfs,games,F15,0,68458,1,1563,267249852,0
olmocr_science_pdfs,health,F01,0,0,0,4106,103692378733,0
olmocr_science_pdfs,health,F02,0,0,0,4106,103692378733,0
olmocr_science_pdfs,health,F03,0,0,0,4106,103692378733,0
olmocr_science_pdfs,health,F04,0,0,0,4106,103692378733,0
olmocr_science_pdfs,health,F05,0,0,0,4106,103692378733,0
olmocr_science_pdfs,health,F06,0,0,0,4106,103692378733,0
olmocr_science_pdfs,health,F07,0,0,0,4106,103692378733,0
olmocr_science_pdfs,health,F08,0,0,0,4106,103692378733,0
olmocr_science_pdfs,health,F09,0,0,0,4106,103692378733,0
olmocr_science_pdfs,health,F10,0,0,0,4106,103692378733,0
olmocr_science_pdfs,health,F11,0,0,0,4106,103692378733,0
olmocr_science_pdfs,health,F12,0,0,0,4106,103692378733,0
olmocr_science_pdfs,health,F13,0,0,0,4106,103692378733,0
olmocr_science_pdfs,health,F14,0,0,0,4106,103692378733,0
olmocr_science_pdfs,health,F15,0,0,0,4106,103692378733,0
olmocr_science_pdfs,history_and_geography,F01,0,579988,1,4248,8930465985,6
olmocr_science_pdfs,history_and_geography,F02,0,579988,1,4248,8930465985,6
olmocr_science_pdfs,history_and_geography,F03,0,579988,1,4248,8930465985,6
olmocr_science_pdfs,history_and_geography,F04,0,579988,1,4248,8930465985,6
olmocr_science_pdfs,history_and_geography,F05,0,579988,1,4248,8930465985,6
olmocr_science_pdfs,history_and_geography,F06,0,579988,1,4248,8930465985,6
olmocr_science_pdfs,history_and_geography,F07,0,579988,1,4248,8930465985,6
olmocr_science_pdfs,history_and_geography,F08,0,579988,1,4248,8930465985,6
olmocr_science_pdfs,history_and_geography,F09,0,579988,1,4248,8930465985,6
olmocr_science_pdfs,history_and_geography,F10,12,579988,1,4248,8930465985,6
olmocr_science_pdfs,history_and_geography,F11,0,579988,1,4248,8930465985,6
olmocr_science_pdfs,history_and_geography,F12,0,579988,1,4248,8930465985,6
olmocr_science_pdfs,history_and_geography,F13,12,579988,1,4248,8930465985,6
olmocr_science_pdfs,history_and_geography,F14,0,579988,1,4248,8930465985,6
olmocr_science_pdfs,history_and_geography,F15,0,579988,1,4248,8930465985,6
olmocr_science_pdfs,home_and_hobbies,F01,0,32320,1,4779,1087625722,0
olmocr_science_pdfs,home_and_hobbies,F02,0,32320,1,4779,1087625722,0
olmocr_science_pdfs,home_and_hobbies,F03,0,32320,1,4779,1087625722,0
olmocr_science_pdfs,home_and_hobbies,F04,0,32320,1,4779,1087625722,0
olmocr_science_pdfs,home_and_hobbies,F05,0,32320,1,4779,1087625722,0
olmocr_science_pdfs,home_and_hobbies,F06,0,32320,1,4779,1087625722,0
olmocr_science_pdfs,home_and_hobbies,F07,0,32320,1,4779,1087625722,0
olmocr_science_pdfs,home_and_hobbies,F08,0,32320,1,4779,1087625722,0
olmocr_science_pdfs,home_and_hobbies,F09,0,32320,1,4779,1087625722,0
olmocr_science_pdfs,home_and_hobbies,F10,1,32320,1,4779,1087625722,0
olmocr_science_pdfs,home_and_hobbies,F11,0,32320,1,4779,1087625722,0
olmocr_science_pdfs,home_and_hobbies,F12,0,32320,1,4779,1087625722,0
olmocr_science_pdfs,home_and_hobbies,F13,0,32320,1,4779,1087625722,0
olmocr_science_pdfs,home_and_hobbies,F14,1,32320,1,4779,1087625722,0
olmocr_science_pdfs,home_and_hobbies,F15,0,32320,1,4779,1087625722,0
olmocr_science_pdfs,industrial,F01,0,1002296,1,1091,35078930185,0
olmocr_science_pdfs,industrial,F02,0,1002296,1,1091,35078930185,0
olmocr_science_pdfs,industrial,F03,2,1002296,1,1091,35078930185,0
olmocr_science_pdfs,industrial,F04,0,1002296,1,1091,35078930185,0
olmocr_science_pdfs,industrial,F05,0,1002296,1,1091,35078930185,0
olmocr_science_pdfs,industrial,F06,0,1002296,1,1091,35078930185,0
olmocr_science_pdfs,industrial,F07,2,1002296,1,1091,35078930185,0
olmocr_science_pdfs,industrial,F08,0,1002296,1,1091,35078930185,0
olmocr_science_pdfs,industrial,F09,0,1002296,1,1091,35078930185,0
olmocr_science_pdfs,industrial,F10,4,1002296,1,1091,35078930185,0
olmocr_science_pdfs,industrial,F11,0,1002296,1,1091,35078930185,0
olmocr_science_pdfs,industrial,F12,0,1002296,1,1091,35078930185,0
olmocr_science_pdfs,industrial,F13,9,1002296,1,1091,35078930185,0
olmocr_science_pdfs,industrial,F14,0,1002296,1,1091,35078930185,0
olmocr_science_pdfs,industrial,F15,0,1002296,1,1091,35078930185,0
olmocr_science_pdfs,literature,F01,0,1033822,1,5841,16812299002,1
olmocr_science_pdfs,literature,F02,0,1033822,1,5841,16812299002,1
olmocr_science_pdfs,literature,F03,0,1033822,1,5841,16812299002,1
olmocr_science_pdfs,literature,F04,0,1033822,1,5841,16812299002,1
olmocr_science_pdfs,literature,F05,0,1033822,1,5841,16812299002,1
olmocr_science_pdfs,literature,F06,0,1033822,1,5841,16812299002,1
olmocr_science_pdfs,literature,F07,0,1033822,1,5841,16812299002,1
olmocr_science_pdfs,literature,F08,0,1033822,1,5841,16812299002,1
olmocr_science_pdfs,literature,F09,0,1033822,1,5841,16812299002,1
olmocr_science_pdfs,literature,F10,54,1033822,1,5841,16812299002,1
olmocr_science_pdfs,literature,F11,0,1033822,1,5841,16812299002,1
olmocr_science_pdfs,literature,F12,0,1033822,1,5841,16812299002,1
olmocr_science_pdfs,literature,F13,0,1033822,1,5841,16812299002,1
olmocr_science_pdfs,literature,F14,15,1033822,1,5841,16812299002,1
olmocr_science_pdfs,literature,F15,0,1033822,1,5841,16812299002,1
olmocr_science_pdfs,politics,F01,0,0,0,614,18897485964,0
olmocr_science_pdfs,politics,F02,0,0,0,614,18897485964,0
olmocr_science_pdfs,politics,F03,0,0,0,614,18897485964,0
olmocr_science_pdfs,politics,F04,0,0,0,614,18897485964,0
olmocr_science_pdfs,politics,F05,0,0,0,614,18897485964,0
olmocr_science_pdfs,politics,F06,0,0,0,614,18897485964,0
olmocr_science_pdfs,politics,F07,0,0,0,614,18897485964,0
olmocr_science_pdfs,politics,F08,0,0,0,614,18897485964,0
olmocr_science_pdfs,politics,F09,0,0,0,614,18897485964,0
olmocr_science_pdfs,politics,F10,0,0,0,614,18897485964,0
olmocr_science_pdfs,politics,F11,0,0,0,614,18897485964,0
olmocr_science_pdfs,politics,F12,0,0,0,614,18897485964,0
olmocr_science_pdfs,politics,F13,0,0,0,614,18897485964,0
olmocr_science_pdfs,politics,F14,0,0,0,614,18897485964,0
olmocr_science_pdfs,politics,F15,0,0,0,614,18897485964,0
olmocr_science_pdfs,religion,F01,0,1000492,1,4249,8987686993,1
olmocr_science_pdfs,religion,F02,0,1000492,1,4249,8987686993,1
olmocr_science_pdfs,religion,F03,0,1000492,1,4249,8987686993,1
olmocr_science_pdfs,religion,F04,0,1000492,1,4249,8987686993,1
olmocr_science_pdfs,religion,F05,0,1000492,1,4249,8987686993,1
olmocr_science_pdfs,religion,F06,0,1000492,1,4249,8987686993,1
olmocr_science_pdfs,religion,F07,1,1000492,1,4249,8987686993,1
olmocr_science_pdfs,religion,F08,0,1000492,1,4249,8987686993,1
olmocr_science_pdfs,religion,F09,0,1000492,1,4249,8987686993,1
olmocr_science_pdfs,religion,F10,17,1000492,1,4249,8987686993,1
olmocr_science_pdfs,religion,F11,1,1000492,1,4249,8987686993,1
olmocr_science_pdfs,religion,F12,0,1000492,1,4249,8987686993,1
olmocr_science_pdfs,religion,F13,0,1000492,1,4249,8987686993,1
olmocr_science_pdfs,religion,F14,4,1000492,1,4249,8987686993,1
olmocr_science_pdfs,religion,F15,1,1000492,1,4249,8987686993,1
olmocr_science_pdfs,science_math_and_technology,F01,0,8085884,8,15040,424951673885,146
olmocr_science_pdfs,science_math_and_technology,F02,0,8085884,8,15040,424951673885,146
olmocr_science_pdfs,science_math_and_technology,F03,7,8085884,8,15040,424951673885,146
olmocr_science_pdfs,science_math_and_technology,F04,0,8085884,8,15040,424951673885,146
olmocr_science_pdfs,science_math_and_technology,F05,0,8085884,8,15040,424951673885,146
olmocr_science_pdfs,science_math_and_technology,F06,5,8085884,8,15040,424951673885,146
olmocr_science_pdfs,science_math_and_technology,F07,5,8085884,8,15040,424951673885,146
olmocr_science_pdfs,science_math_and_technology,F08,2,8085884,8,15040,424951673885,146
olmocr_science_pdfs,science_math_and_technology,F09,7,8085884,8,15040,424951673885,146
olmocr_science_pdfs,science_math_and_technology,F10,43,8085884,8,15040,424951673885,146
olmocr_science_pdfs,science_math_and_technology,F11,0,8085884,8,15040,424951673885,146
olmocr_science_pdfs,science_math_and_technology,F12,5,8085884,8,15040,424951673885,146
olmocr_science_pdfs,science_math_and_technology,F13,65,8085884,8,15040,424951673885,146
olmocr_science_pdfs,science_math_and_technology,F14,60,8085884,8,15040,424951673885,146
olmocr_science_pdfs,science_math_and_technology,F15,0,8085884,8,15040,424951673885,146
olmocr_science_pdfs,social_life,F01,0,100243,1,1594,312927565,0
olmocr_science_pdfs,social_life,F02,0,100243,1,1594,312927565,0
olmocr_science_pdfs,social_life,F03,0,100243,1,1594,312927565,0
olmocr_science_pdfs,social_life,F04,0,100243,1,1594,312927565,0
olmocr_science_pdfs,social_life,F05,0,100243,1,1594,312927565,0
olmocr_science_pdfs,social_life,F06,0,100243,1,1594,312927565,0
olmocr_science_pdfs,social_life,F07,0,100243,1,1594,312927565,0
olmocr_science_pdfs,social_life,F08,0,100243,1,1594,312927565,0
olmocr_science_pdfs,social_life,F09,0,100243,1,1594,312927565,0
olmocr_science_pdfs,social_life,F10,0,100243,1,1594,312927565,0
olmocr_science_pdfs,social_life,F11,0,100243,1,1594,312927565,0
olmocr_science_pdfs,social_life,F12,0,100243,1,1594,312927565,0
olmocr_science_pdfs,social_life,F13,1,100243,1,1594,312927565,0
olmocr_science_pdfs,social_life,F14,0,100243,1,1594,312927565,0
olmocr_science_pdfs,social_life,F15,0,100243,1,1594,312927565,0
olmocr_science_pdfs,sports_and_fitness,F01,0,1682842,9,10000,3161699241,11
olmocr_science_pdfs,sports_and_fitness,F02,0,1682842,9,10000,3161699241,11
olmocr_science_pdfs,sports_and_fitness,F03,1,1682842,9,10000,3161699241,11
olmocr_science_pdfs,sports_and_fitness,F04,0,1682842,9,10000,3161699241,11
olmocr_science_pdfs,sports_and_fitness,F05,0,1682842,9,10000,3161699241,11
olmocr_science_pdfs,sports_and_fitness,F06,0,1682842,9,10000,3161699241,11
olmocr_science_pdfs,sports_and_fitness,F07,1,1682842,9,10000,3161699241,11
olmocr_science_pdfs,sports_and_fitness,F08,0,1682842,9,10000,3161699241,11
olmocr_science_pdfs,sports_and_fitness,F09,4,1682842,9,10000,3161699241,11
olmocr_science_pdfs,sports_and_fitness,F10,7,1682842,9,10000,3161699241,11
olmocr_science_pdfs,sports_and_fitness,F11,0,1682842,9,10000,3161699241,11
olmocr_science_pdfs,sports_and_fitness,F12,0,1682842,9,10000,3161699241,11
olmocr_science_pdfs,sports_and_fitness,F13,22,1682842,9,10000,3161699241,11
olmocr_science_pdfs,sports_and_fitness,F14,6,1682842,9,10000,3161699241,11
olmocr_science_pdfs,sports_and_fitness,F15,0,1682842,9,10000,3161699241,11
olmocr_science_pdfs,transportation,F01,0,492246,1,2389,2625634712,2
olmocr_science_pdfs,transportation,F02,0,492246,1,2389,2625634712,2
olmocr_science_pdfs,transportation,F03,0,492246,1,2389,2625634712,2
olmocr_science_pdfs,transportation,F04,0,492246,1,2389,2625634712,2
olmocr_science_pdfs,transportation,F05,0,492246,1,2389,2625634712,2
olmocr_science_pdfs,transportation,F06,0,492246,1,2389,2625634712,2
olmocr_science_pdfs,transportation,F07,0,492246,1,2389,2625634712,2
olmocr_science_pdfs,transportation,F08,0,492246,1,2389,2625634712,2
olmocr_science_pdfs,transportation,F09,0,492246,1,2389,2625634712,2
olmocr_science_pdfs,transportation,F10,0,492246,1,2389,2625634712,2
olmocr_science_pdfs,transportation,F11,0,492246,1,2389,2625634712,2
olmocr_science_pdfs,transportation,F12,0,492246,1,2389,2625634712,2
olmocr_science_pdfs,transportation,F13,2,492246,1,2389,2625634712,2
olmocr_science_pdfs,transportation,F14,2,492246,1,2389,2625634712,2
olmocr_science_pdfs,transportation,F15,0,492246,1,2389,2625634712,2
olmocr_science_pdfs,travel_and_tourism,F01,0,0,0,1593,198833101,0
olmocr_science_pdfs,travel_and_tourism,F02,0,0,0,1593,198833101,0
olmocr_science_pdfs,travel_and_tourism,F03,0,0,0,1593,198833101,0
olmocr_science_pdfs,travel_and_tourism,F04,0,0,0,1593,198833101,0
olmocr_science_pdfs,travel_and_tourism,F05,0,0,0,1593,198833101,0
olmocr_science_pdfs,travel_and_tourism,F06,0,0,0,1593,198833101,0
olmocr_science_pdfs,travel_and_tourism,F07,0,0,0,1593,198833101,0
olmocr_science_pdfs,travel_and_tourism,F08,0,0,0,1593,198833101,0
olmocr_science_pdfs,travel_and_tourism,F09,0,0,0,1593,198833101,0
olmocr_science_pdfs,travel_and_tourism,F10,0,0,0,1593,198833101,0
olmocr_science_pdfs,travel_and_tourism,F11,0,0,0,1593,198833101,0
olmocr_science_pdfs,travel_and_tourism,F12,0,0,0,1593,198833101,0
olmocr_science_pdfs,travel_and_tourism,F13,0,0,0,1593,198833101,0
olmocr_science_pdfs,travel_and_tourism,F14,0,0,0,1593,198833101,0
olmocr_science_pdfs,travel_and_tourism,F15,0,0,0,1593,198833101,0
rpj-proofpile-arxiv,rpj-proofpile-arxiv,F01,8,20105467,20,20,22395058826,0
rpj-proofpile-arxiv,rpj-proofpile-arxiv,F02,0,20105467,20,20,22395058826,0
rpj-proofpile-arxiv,rpj-proofpile-arxiv,F03,31,20105467,20,20,22395058826,0
rpj-proofpile-arxiv,rpj-proofpile-arxiv,F04,38,20105467,20,20,22395058826,0
rpj-proofpile-arxiv,rpj-proofpile-arxiv,F05,2,20105467,20,20,22395058826,0
rpj-proofpile-arxiv,rpj-proofpile-arxiv,F06,0,20105467,20,20,22395058826,0
rpj-proofpile-arxiv,rpj-proofpile-arxiv,F07,18,20105467,20,20,22395058826,0
rpj-proofpile-arxiv,rpj-proofpile-arxiv,F08,0,20105467,20,20,22395058826,0
rpj-proofpile-arxiv,rpj-proofpile-arxiv,F09,0,20105467,20,20,22395058826,0
rpj-proofpile-arxiv,rpj-proofpile-arxiv,F10,166,20105467,20,20,22395058826,0
rpj-proofpile-arxiv,rpj-proofpile-arxiv,F11,6,20105467,20,20,22395058826,0
rpj-proofpile-arxiv,rpj-proofpile-arxiv,F12,0,20105467,20,20,22395058826,0
rpj-proofpile-arxiv,rpj-proofpile-arxiv,F13,74,20105467,20,20,22395058826,0
rpj-proofpile-arxiv,rpj-proofpile-arxiv,F14,455,20105467,20,20,22395058826,0
rpj-proofpile-arxiv,rpj-proofpile-arxiv,F15,0,20105467,20,20,22395058826,0
stack_edu,C,F01,0,1000103,1,58,5409923035,0
stack_edu,C,F02,0,1000103,1,58,5409923035,0
stack_edu,C,F03,0,1000103,1,58,5409923035,0
stack_edu,C,F04,0,1000103,1,58,5409923035,0
stack_edu,C,F05,0,1000103,1,58,5409923035,0
stack_edu,C,F06,0,1000103,1,58,5409923035,0
stack_edu,C,F07,0,1000103,1,58,5409923035,0
stack_edu,C,F08,0,1000103,1,58,5409923035,0
stack_edu,C,F09,0,1000103,1,58,5409923035,0
stack_edu,C,F10,0,1000103,1,58,5409923035,0
stack_edu,C,F11,0,1000103,1,58,5409923035,0
stack_edu,C,F12,0,1000103,1,58,5409923035,0
stack_edu,C,F13,0,1000103,1,58,5409923035,0
stack_edu,C,F14,0,1000103,1,58,5409923035,0
stack_edu,C,F15,0,1000103,1,58,5409923035,0
stack_edu,CSharp,F01,0,0,0,132,9059027796,0
stack_edu,CSharp,F02,0,0,0,132,9059027796,0
stack_edu,CSharp,F03,0,0,0,132,9059027796,0
stack_edu,CSharp,F04,0,0,0,132,9059027796,0
stack_edu,CSharp,F05,0,0,0,132,9059027796,0
stack_edu,CSharp,F06,0,0,0,132,9059027796,0
stack_edu,CSharp,F07,0,0,0,132,9059027796,0
stack_edu,CSharp,F08,0,0,0,132,9059027796,0
stack_edu,CSharp,F09,0,0,0,132,9059027796,0
stack_edu,CSharp,F10,0,0,0,132,9059027796,0
stack_edu,CSharp,F11,0,0,0,132,9059027796,0
stack_edu,CSharp,F12,0,0,0,132,9059027796,0
stack_edu,CSharp,F13,0,0,0,132,9059027796,0
stack_edu,CSharp,F14,0,0,0,132,9059027796,0
stack_edu,CSharp,F15,0,0,0,132,9059027796,0
stack_edu,Cpp,F01,0,0,0,159,14679944893,0
stack_edu,Cpp,F02,0,0,0,159,14679944893,0
stack_edu,Cpp,F03,0,0,0,159,14679944893,0
stack_edu,Cpp,F04,0,0,0,159,14679944893,0
stack_edu,Cpp,F05,0,0,0,159,14679944893,0
stack_edu,Cpp,F06,0,0,0,159,14679944893,0
stack_edu,Cpp,F07,0,0,0,159,14679944893,0
stack_edu,Cpp,F08,0,0,0,159,14679944893,0
stack_edu,Cpp,F09,0,0,0,159,14679944893,0
stack_edu,Cpp,F10,0,0,0,159,14679944893,0
stack_edu,Cpp,F11,0,0,0,159,14679944893,0
stack_edu,Cpp,F12,0,0,0,159,14679944893,0
stack_edu,Cpp,F13,0,0,0,159,14679944893,0
stack_edu,Cpp,F14,0,0,0,159,14679944893,0
stack_edu,Cpp,F15,0,0,0,159,14679944893,0
stack_edu,Go,F01,0,0,0,20,1711835931,0
stack_edu,Go,F02,0,0,0,20,1711835931,0
stack_edu,Go,F03,0,0,0,20,1711835931,0
stack_edu,Go,F04,0,0,0,20,1711835931,0
stack_edu,Go,F05,0,0,0,20,1711835931,0
stack_edu,Go,F06,0,0,0,20,1711835931,0
stack_edu,Go,F07,0,0,0,20,1711835931,0
stack_edu,Go,F08,0,0,0,20,1711835931,0
stack_edu,Go,F09,0,0,0,20,1711835931,0
stack_edu,Go,F10,0,0,0,20,1711835931,0
stack_edu,Go,F11,0,0,0,20,1711835931,0
stack_edu,Go,F12,0,0,0,20,1711835931,0
stack_edu,Go,F13,0,0,0,20,1711835931,0
stack_edu,Go,F14,0,0,0,20,1711835931,0
stack_edu,Go,F15,0,0,0,20,1711835931,0
stack_edu,Java,F01,0,6002396,6,476,37836013346,0
stack_edu,Java,F02,0,6002396,6,476,37836013346,0
stack_edu,Java,F03,0,6002396,6,476,37836013346,0
stack_edu,Java,F04,0,6002396,6,476,37836013346,0
stack_edu,Java,F05,0,6002396,6,476,37836013346,0
stack_edu,Java,F06,0,6002396,6,476,37836013346,0
stack_edu,Java,F07,0,6002396,6,476,37836013346,0
stack_edu,Java,F08,0,6002396,6,476,37836013346,0
stack_edu,Java,F09,0,6002396,6,476,37836013346,0
stack_edu,Java,F10,8,6002396,6,476,37836013346,0
stack_edu,Java,F11,0,6002396,6,476,37836013346,0
stack_edu,Java,F12,0,6002396,6,476,37836013346,0
stack_edu,Java,F13,0,6002396,6,476,37836013346,0
stack_edu,Java,F14,0,6002396,6,476,37836013346,0
stack_edu,Java,F15,0,6002396,6,476,37836013346,0
stack_edu,JavaScript,F01,0,1000162,1,129,11926504080,0
stack_edu,JavaScript,F02,0,1000162,1,129,11926504080,0
stack_edu,JavaScript,F03,0,1000162,1,129,11926504080,0
stack_edu,JavaScript,F04,0,1000162,1,129,11926504080,0
stack_edu,JavaScript,F05,0,1000162,1,129,11926504080,0
stack_edu,JavaScript,F06,0,1000162,1,129,11926504080,0
stack_edu,JavaScript,F07,0,1000162,1,129,11926504080,0
stack_edu,JavaScript,F08,0,1000162,1,129,11926504080,0
stack_edu,JavaScript,F09,0,1000162,1,129,11926504080,0
stack_edu,JavaScript,F10,0,1000162,1,129,11926504080,0
stack_edu,JavaScript,F11,0,1000162,1,129,11926504080,0
stack_edu,JavaScript,F12,0,1000162,1,129,11926504080,0
stack_edu,JavaScript,F13,5,1000162,1,129,11926504080,0
stack_edu,JavaScript,F14,0,1000162,1,129,11926504080,0
stack_edu,JavaScript,F15,0,1000162,1,129,11926504080,0
stack_edu,Markdown,F01,0,3001296,3,347,40934052205,0
stack_edu,Markdown,F02,0,3001296,3,347,40934052205,0
stack_edu,Markdown,F03,6,3001296,3,347,40934052205,0
stack_edu,Markdown,F04,5,3001296,3,347,40934052205,0
stack_edu,Markdown,F05,0,3001296,3,347,40934052205,0
stack_edu,Markdown,F06,2,3001296,3,347,40934052205,0
stack_edu,Markdown,F07,3,3001296,3,347,40934052205,0
stack_edu,Markdown,F08,1,3001296,3,347,40934052205,0
stack_edu,Markdown,F09,16,3001296,3,347,40934052205,0
stack_edu,Markdown,F10,15,3001296,3,347,40934052205,0
stack_edu,Markdown,F11,0,3001296,3,347,40934052205,0
stack_edu,Markdown,F12,0,3001296,3,347,40934052205,0
stack_edu,Markdown,F13,26,3001296,3,347,40934052205,0
stack_edu,Markdown,F14,62,3001296,3,347,40934052205,0
stack_edu,Markdown,F15,0,3001296,3,347,40934052205,0
stack_edu,PHP,F01,0,1000073,1,109,8910559126,0
stack_edu,PHP,F02,0,1000073,1,109,8910559126,0
stack_edu,PHP,F03,0,1000073,1,109,8910559126,0
stack_edu,PHP,F04,0,1000073,1,109,8910559126,0
stack_edu,PHP,F05,0,1000073,1,109,8910559126,0
stack_edu,PHP,F06,0,1000073,1,109,8910559126,0
stack_edu,PHP,F07,0,1000073,1,109,8910559126,0
stack_edu,PHP,F08,0,1000073,1,109,8910559126,0
stack_edu,PHP,F09,0,1000073,1,109,8910559126,0
stack_edu,PHP,F10,6,1000073,1,109,8910559126,0
stack_edu,PHP,F11,0,1000073,1,109,8910559126,0
stack_edu,PHP,F12,0,1000073,1,109,8910559126,0
stack_edu,PHP,F13,0,1000073,1,109,8910559126,0
stack_edu,PHP,F14,0,1000073,1,109,8910559126,0
stack_edu,PHP,F15,0,1000073,1,109,8910559126,0
stack_edu,Python,F01,0,3001187,3,301,23018462641,0
stack_edu,Python,F02,0,3001187,3,301,23018462641,0
stack_edu,Python,F03,5,3001187,3,301,23018462641,0
stack_edu,Python,F04,0,3001187,3,301,23018462641,0
stack_edu,Python,F05,0,3001187,3,301,23018462641,0
stack_edu,Python,F06,0,3001187,3,301,23018462641,0
stack_edu,Python,F07,0,3001187,3,301,23018462641,0
stack_edu,Python,F08,0,3001187,3,301,23018462641,0
stack_edu,Python,F09,0,3001187,3,301,23018462641,0
stack_edu,Python,F10,0,3001187,3,301,23018462641,0
stack_edu,Python,F11,0,3001187,3,301,23018462641,0
stack_edu,Python,F12,0,3001187,3,301,23018462641,0
stack_edu,Python,F13,0,3001187,3,301,23018462641,0
stack_edu,Python,F14,0,3001187,3,301,23018462641,0
stack_edu,Python,F15,0,3001187,3,301,23018462641,0
stack_edu,Ruby,F01,0,1000060,1,23,1896708501,0
stack_edu,Ruby,F02,0,1000060,1,23,1896708501,0
stack_edu,Ruby,F03,5,1000060,1,23,1896708501,0
stack_edu,Ruby,F04,0,1000060,1,23,1896708501,0
stack_edu,Ruby,F05,0,1000060,1,23,1896708501,0
stack_edu,Ruby,F06,0,1000060,1,23,1896708501,0
stack_edu,Ruby,F07,0,1000060,1,23,1896708501,0
stack_edu,Ruby,F08,0,1000060,1,23,1896708501,0
stack_edu,Ruby,F09,0,1000060,1,23,1896708501,0
stack_edu,Ruby,F10,8,1000060,1,23,1896708501,0
stack_edu,Ruby,F11,0,1000060,1,23,1896708501,0
stack_edu,Ruby,F12,0,1000060,1,23,1896708501,0
stack_edu,Ruby,F13,0,1000060,1,23,1896708501,0
stack_edu,Ruby,F14,3,1000060,1,23,1896708501,0
stack_edu,Ruby,F15,0,1000060,1,23,1896708501,0
stack_edu,Rust,F01,0,1000172,1,23,1492782526,0
stack_edu,Rust,F02,0,1000172,1,23,1492782526,0
stack_edu,Rust,F03,0,1000172,1,23,1492782526,0
stack_edu,Rust,F04,0,1000172,1,23,1492782526,0
stack_edu,Rust,F05,0,1000172,1,23,1492782526,0
stack_edu,Rust,F06,0,1000172,1,23,1492782526,0
stack_edu,Rust,F07,0,1000172,1,23,1492782526,0
stack_edu,Rust,F08,0,1000172,1,23,1492782526,0
stack_edu,Rust,F09,0,1000172,1,23,1492782526,0
stack_edu,Rust,F10,0,1000172,1,23,1492782526,0
stack_edu,Rust,F11,0,1000172,1,23,1492782526,0
stack_edu,Rust,F12,0,1000172,1,23,1492782526,0
stack_edu,Rust,F13,0,1000172,1,23,1492782526,0
stack_edu,Rust,F14,3,1000172,1,23,1492782526,0
stack_edu,Rust,F15,0,1000172,1,23,1492782526,0
stack_edu,SQL,F01,0,1275905,1,73,5096831752,0
stack_edu,SQL,F02,0,1275905,1,73,5096831752,0
stack_edu,SQL,F03,0,1275905,1,73,5096831752,0
stack_edu,SQL,F04,0,1275905,1,73,5096831752,0
stack_edu,SQL,F05,0,1275905,1,73,5096831752,0
stack_edu,SQL,F06,0,1275905,1,73,5096831752,0
stack_edu,SQL,F07,0,1275905,1,73,5096831752,0
stack_edu,SQL,F08,0,1275905,1,73,5096831752,0
stack_edu,SQL,F09,0,1275905,1,73,5096831752,0
stack_edu,SQL,F10,0,1275905,1,73,5096831752,0
stack_edu,SQL,F11,0,1275905,1,73,5096831752,0
stack_edu,SQL,F12,0,1275905,1,73,5096831752,0
stack_edu,SQL,F13,0,1275905,1,73,5096831752,0
stack_edu,SQL,F14,0,1275905,1,73,5096831752,0
stack_edu,SQL,F15,0,1275905,1,73,5096831752,0
stack_edu,Shell,F01,0,0,0,47,3343089471,0
stack_edu,Shell,F02,0,0,0,47,3343089471,0
stack_edu,Shell,F03,0,0,0,47,3343089471,0
stack_edu,Shell,F04,0,0,0,47,3343089471,0
stack_edu,Shell,F05,0,0,0,47,3343089471,0
stack_edu,Shell,F06,0,0,0,47,3343089471,0
stack_edu,Shell,F07,0,0,0,47,3343089471,0
stack_edu,Shell,F08,0,0,0,47,3343089471,0
stack_edu,Shell,F09,0,0,0,47,3343089471,0
stack_edu,Shell,F10,0,0,0,47,3343089471,0
stack_edu,Shell,F11,0,0,0,47,3343089471,0
stack_edu,Shell,F12,0,0,0,47,3343089471,0
stack_edu,Shell,F13,0,0,0,47,3343089471,0
stack_edu,Shell,F14,0,0,0,47,3343089471,0
stack_edu,Shell,F15,0,0,0,47,3343089471,0
stack_edu,Swift,F01,0,1000114,1,29,2038578059,0
stack_edu,Swift,F02,0,1000114,1,29,2038578059,0
stack_edu,Swift,F03,0,1000114,1,29,2038578059,0
stack_edu,Swift,F04,0,1000114,1,29,2038578059,0
stack_edu,Swift,F05,0,1000114,1,29,2038578059,0
stack_edu,Swift,F06,0,1000114,1,29,2038578059,0
stack_edu,Swift,F07,0,1000114,1,29,2038578059,0
stack_edu,Swift,F08,0,1000114,1,29,2038578059,0
stack_edu,Swift,F09,0,1000114,1,29,2038578059,0
stack_edu,Swift,F10,0,1000114,1,29,2038578059,0
stack_edu,Swift,F11,0,1000114,1,29,2038578059,0
stack_edu,Swift,F12,0,1000114,1,29,2038578059,0
stack_edu,Swift,F13,0,1000114,1,29,2038578059,0
stack_edu,Swift,F14,5,1000114,1,29,2038578059,0
stack_edu,Swift,F15,0,1000114,1,29,2038578059,0
stack_edu,TypeScript,F01,0,1000387,1,51,3367567344,0
stack_edu,TypeScript,F02,0,1000387,1,51,3367567344,0
stack_edu,TypeScript,F03,0,1000387,1,51,3367567344,0
stack_edu,TypeScript,F04,0,1000387,1,51,3367567344,0
stack_edu,TypeScript,F05,0,1000387,1,51,3367567344,0
stack_edu,TypeScript,F06,0,1000387,1,51,3367567344,0
stack_edu,TypeScript,F07,0,1000387,1,51,3367567344,0
stack_edu,TypeScript,F08,0,1000387,1,51,3367567344,0
stack_edu,TypeScript,F09,0,1000387,1,51,3367567344,0
stack_edu,TypeScript,F10,0,1000387,1,51,3367567344,0
stack_edu,TypeScript,F11,0,1000387,1,51,3367567344,0
stack_edu,TypeScript,F12,0,1000387,1,51,3367567344,0
stack_edu,TypeScript,F13,0,1000387,1,51,3367567344,0
stack_edu,TypeScript,F14,2,1000387,1,51,3367567344,0
stack_edu,TypeScript,F15,0,1000387,1,51,3367567344,0
